#,title,videoUrl,videoId,publishedAt,position
1,Italy v France | 2006 FIFA World Cup Final | Full Match,https://www.youtube.com/watch?v=nELaL14ms7A&list=PLCGIzmTE4d0iSMe4asTB_WzV0jk2VbmsS&index=1,nELaL14ms7A,2018-05-04T17:24:50Z,0
2,Zinedine Zidane’s headbutt on Marco Materazzi | Germany 2006 | FIFA World Cup,https://www.youtube.com/watch?v=jb16JvUCVQs&list=PLCGIzmTE4d0iSMe4asTB_WzV0jk2VbmsS&index=2,jb16JvUCVQs,2020-10-31T14:00:22Z,1
3,Germany v Italy | 2006 FIFA World Cup | Full Match,https://www.youtube.com/watch?v=Qcx4iDWu3tU&list=PLCGIzmTE4d0iSMe4asTB_WzV0jk2VbmsS&index=3,Qcx4iDWu3tU,2020-04-24T18:00:11Z,2
4,2006 WORLD CUP FINAL: Italy 1-1 France,https://www.youtube.com/watch?v=Nlsm0RlC8zI&list=PLCGIzmTE4d0iSMe4asTB_WzV0jk2VbmsS&index=4,Nlsm0RlC8zI,2014-07-09T19:43:59Z,3
5,Battle of Nuremberg | Germany 2006 | FIFA World Cup,https://www.youtube.com/watch?v=cFDoPRSnefE&list=PLCGIzmTE4d0iSMe4asTB_WzV0jk2VbmsS&index=5,cFDoPRSnefE,2020-11-06T14:00:13Z,4
6,Italy 1-1 France (5-3 PSO) | Extended Highlights | 2006 FIFA World Cup,https://www.youtube.com/watch?v=cfRkHzhM4vE&list=PLCGIzmTE4d0iSMe4asTB_WzV0jk2VbmsS&index=6,cfRkHzhM4vE,2020-06-28T20:36:26Z,5
7,Germany 0-2 Italy (AET) | 2006 World Cup | Match Highlights,https://www.youtube.com/watch?v=3DWl_VDHxGU&list=PLCGIzmTE4d0iSMe4asTB_WzV0jk2VbmsS&index=7,3DWl_VDHxGU,2016-07-01T13:54:06Z,6
8,Portugal 2-1 Mexico | 2006 World Cup | Match Highlights,https://www.youtube.com/watch?v=N6RGD_IvO9U&list=PLCGIzmTE4d0iSMe4asTB_WzV0jk2VbmsS&index=8,N6RGD_IvO9U,2017-06-18T08:00:02Z,7
9,Germany 1-1 Argentina (4-2 PSO) | 2006 World Cup | Match Highlights,https://www.youtube.com/watch?v=3zddvQRozlc&list=PLCGIzmTE4d0iSMe4asTB_WzV0jk2VbmsS&index=9,3zddvQRozlc,2014-07-11T02:55:35Z,8
10,"🇮🇹 All of Italy’s 2006 World Cup Goals | Totti, Del Piero & more!",https://www.youtube.com/watch?v=Ej_IoW7CRWU&list=PLCGIzmTE4d0iSMe4asTB_WzV0jk2VbmsS&index=10,Ej_IoW7CRWU,2020-11-01T14:00:05Z,9
11,Argentina 2-1 Mexico | Extended Highlights | 2006 FIFA World Cup,https://www.youtube.com/watch?v=xh-yANwjcR0&list=PLCGIzmTE4d0iSMe4asTB_WzV0jk2VbmsS&index=11,xh-yANwjcR0,2020-06-07T17:00:24Z,10
12,Portugal 0-1 France | 2006 World Cup | Match Highlights,https://www.youtube.com/watch?v=QZq0AArXCA4&list=PLCGIzmTE4d0iSMe4asTB_WzV0jk2VbmsS&index=12,QZq0AArXCA4,2016-07-08T14:56:57Z,11
13,France v Switzerland | 2006 World Cup | Match Highlights,https://www.youtube.com/watch?v=weQABLZTPR0&list=PLCGIzmTE4d0iSMe4asTB_WzV0jk2VbmsS&index=13,weQABLZTPR0,2014-06-19T23:43:01Z,12
14,Zinedine Zidane v Brazil | Germany 2006 | FIFA World Cup,https://www.youtube.com/watch?v=7-1QBCnI-YY&list=PLCGIzmTE4d0iSMe4asTB_WzV0jk2VbmsS&index=14,7-1QBCnI-YY,2020-07-24T13:00:04Z,13
15,The referee who sent off Zinedine Zidane | Horacio Elizondo 2006 World Cup Final,https://www.youtube.com/watch?v=h0ZTzydlbxU&list=PLCGIzmTE4d0iSMe4asTB_WzV0jk2VbmsS&index=15,h0ZTzydlbxU,2016-07-03T07:00:01Z,14
16,Cannavaro watches Germany 2006,https://www.youtube.com/watch?v=m6vS7C70F6Q&list=PLCGIzmTE4d0iSMe4asTB_WzV0jk2VbmsS&index=16,m6vS7C70F6Q,2016-07-08T09:34:37Z,15
17,Cannavaro watches Germany 2006,https://www.youtube.com/watch?v=m6vS7C70F6Q&list=PLCGIzmTE4d0iSMe4asTB_WzV0jk2VbmsS&index=17,m6vS7C70F6Q,2016-07-08T09:34:37Z,16
18,Ukraine's greatest memories | 2006 FIFA World Cup,https://www.youtube.com/watch?v=Y1qv8OFzt-8&list=PLCGIzmTE4d0iSMe4asTB_WzV0jk2VbmsS&index=18,Y1qv8OFzt-8,2013-04-15T13:38:19Z,17
19,What made Germany so 2006?,https://www.youtube.com/watch?v=dGGE--eosso&list=PLCGIzmTE4d0iSMe4asTB_WzV0jk2VbmsS&index=19,dGGE--eosso,2018-06-11T13:35:54Z,18
20,Croatia 2-2 Australia | Germany 2006 | FIFA World Cup,https://www.youtube.com/watch?v=wuWossdgeKY&list=PLCGIzmTE4d0iSMe4asTB_WzV0jk2VbmsS&index=20,wuWossdgeKY,2020-07-23T13:00:12Z,19
21,Andrea Pirlo | One to Eleven | FIFA World Cup Film,https://www.youtube.com/watch?v=DHzGQlOGuTw&list=PLCGIzmTE4d0iSMe4asTB_WzV0jk2VbmsS&index=21,DHzGQlOGuTw,2018-04-11T08:00:02Z,20
22,Esteban Cambiasso Goal | Argentina v Serbia & Montenegro | 2006 FIFA World Cup,https://www.youtube.com/watch?v=3kSiHGTCqEA&list=PLCGIzmTE4d0iSMe4asTB_WzV0jk2VbmsS&index=22,3kSiHGTCqEA,2018-05-25T14:00:01Z,21
23,Lippi relives Italy's 2006 triumph,https://www.youtube.com/watch?v=posiPMtFAV0&list=PLCGIzmTE4d0iSMe4asTB_WzV0jk2VbmsS&index=23,posiPMtFAV0,2016-05-26T03:35:45Z,22
24,Fabio Cannavaro's amazing night,https://www.youtube.com/watch?v=_A3MfYRsVdw&list=PLCGIzmTE4d0iSMe4asTB_WzV0jk2VbmsS&index=24,_A3MfYRsVdw,2014-11-10T14:12:50Z,23
25,Luca Toni: World Cup Trophy shimmered when we saw it,https://www.youtube.com/watch?v=2k3KAfqA-K4&list=PLCGIzmTE4d0iSMe4asTB_WzV0jk2VbmsS&index=25,2k3KAfqA-K4,2016-05-08T11:38:03Z,24
26,Fabio Cannavaro on Germany vs Italy | 2006 FIFA World Cup,https://www.youtube.com/watch?v=4_669FxFQGE&list=PLCGIzmTE4d0iSMe4asTB_WzV0jk2VbmsS&index=26,4_669FxFQGE,2014-12-26T01:45:36Z,25
27,"Beckham, Del Piero, Figo & more! | No7s at Germany 2006 | FIFA World Cup",https://www.youtube.com/watch?v=-cBcxqLkOEQ&list=PLCGIzmTE4d0iSMe4asTB_WzV0jk2VbmsS&index=27,-cBcxqLkOEQ,2020-07-25T13:00:01Z,26
28,Lukas Podolski | Germany 2006 | FIFA World Cup,https://www.youtube.com/watch?v=W50O-NLNTdA&list=PLCGIzmTE4d0iSMe4asTB_WzV0jk2VbmsS&index=28,W50O-NLNTdA,2020-07-26T13:00:15Z,27
29,Germany 2006 | The Showcase | FIFA Museum,https://www.youtube.com/watch?v=OJFqe2pxaeQ&list=PLCGIzmTE4d0iSMe4asTB_WzV0jk2VbmsS&index=29,OJFqe2pxaeQ,2016-07-04T12:02:15Z,28
