אחרי ש,Qbzn - אחרי ש... -  part 1,https://drive.google.com/file/d/1A4o1tK8kpoK_CO7jVlHsi0Q0nwlujx06/view,Qbzn - After That... - Part 1,2023,"אקשן, מתח",95,"הסרט עוקב אחר דוד, גיבור שנאלץ להתמודד עם השלכות אירוע דרמטי שהשתבש. כאשר הוא מנסה לאחות את הקרעים בחייו, הוא נקלע לסבך מסוכן של מתח ופשע שמאיים על עתידו. העלילה מתפתחת בקצב מהיר ומלאה בהפתעות בלתי צפויות."
אחרי ש,Qbzn - אחרי ש... הכל נגמר -  part 5,https://drive.google.com/file/d/19yP3amJ-gXzkEnlcvVjpyKwuA7Qkq_Y1/view,Qbzn - After... It's All Over - Part 5,2023,"מדע בדיוני, דרמה",110,"בחלק החמישי של הסדרה, העלילה מתמקדת בקבוצת אנשים המאבדים את זכרונם לאחר אירוע מסתורי ומשוועים למצוא משמעות חדשה לחייהם בעולם משתנה. הסרט חוקר את נושאי הזיכרון, זהות וההישרדות בתוך מציאות משתנה ומאתגרת."
אחרי ש,Qbzn - אחרי ש...הגענו לסוף הטוב  -  part 4,https://drive.google.com/file/d/14jUr01YbpxZRdzlO9QyM6ORyl090zTvZ/view,After We... Came to the Good End - Part 4,,דוקומנטרי,,הסרט הוא חלק רביעי בסדרה דוקומנטרית המתעדת את התהליכים האישיים והחברתיים של הדמויות לאחר סיום שלב משמעותי בחייהם. הסרט חוקר את ההשפעות הרגשיות והחוויות המורכבות שהם עוברים בעקבות האירועים שהובילו לסיום הטוב.
אחרי ש,Qbzn - אחרי ש...התנגשנו part 2  -  2020,https://drive.google.com/file/d/1Yh0E5nT0RfLDolV__JegrxrXE8YYbnZb/view,Qbzn - After We... Collided Part 2,2020,דרמה רומנטית,105,"הסרט ממשיך את סיפור האהבה הסוער של טסה ווורן, כשהם מנסים להתגבר על הקשיים והסכסוכים ביחסים שלהם. הם מתמודדים עם רגשות מעורבבים, בחירות קשות ואתגרים חדשים שמעמידים את אהבתם למבחן."
אחרי ש,Qbzn - אחרי ש...נפלנו -  part 3,https://drive.google.com/file/d/1ABM8Pa3leM-3coTXwHDTbQ7yYm-hVemT/view,After We Fell - Part 3,2021,דרמה רומנטית,99,"הסרט ממשיך לעקוב אחרי מערכת היחסים הסוערת בין טסה והדען, כשסודות מהעבר מאיימים לפרק את הקשר ביניהם. הם מתמודדים עם קשיים משפחתיים ואתגרים אישיים שמעמידים את אהבתם במבחן."
הארי פוטר,Qbzn - הארי פוטר 1_2001.mp4,https://drive.google.com/file/d/16sWoYSc1YO7n5Mu5di1mMWDi-zxQxBdG/view,Harry Potter and the Sorcerer's Stone,2001,"פנטזיה, הרפתקאות, משפחה",152,"הארי פוטר, ילד יתום, מגלה ביום הולדתו ה-11 שהוא קוסם ונשלח ללמוד בבית הספר לקוסמים הוגוורטס. הוא מגלה עולם חדש מלא קסמים, חברים ואתגרים, ונאבק במכשולים כדי למנוע מהאויב שמאיים על העולם הקסום לפגוע בו."
הארי פוטר,Qbzn - הארי פוטר 2_2002.mp4,https://drive.google.com/file/d/1lOUbtBk5PQ2j0Pp_CWyC4cnEbPPTj0Yr/view,Harry Potter and the Chamber of Secrets,2002,"פנטזיה, הרפתקאות",161,"הארי פוטר חוזר לשנתו השנייה בהוגוורטס ומגלה שהמפלצות הנפלאות בבית הספר מסוכנות יותר ממה שחשב. כשסודות אפלוליים מתגלים, הוא חייב להתמודד עם איומים חדשים ולגלות מי עומד מאחורי הפחדים שמאיימים על התלמידים."
הארי פוטר,Qbzn - הארי פוטר 3_2004.mp4,https://drive.google.com/file/d/1U7inZtqGdRH0LnOjGPBSuDDn8ai61rJC/view,Harry Potter and the Prisoner of Azkaban,2004,"פנטזיה, הרפתקאות, משפחה",142,"הארי פוטר חוזר לשנה השלישית שלו בבית הספר לכישוף ולקוסמות, ומגלה שברח מאזקבאן אסיר מסוכן שמחפש אותו. במהלך השנה, הארי מתמודד עם סודות חדשים, חברים נאמנים וסכנות מסתוריות שמאיימות על חייו ועל עולם הקוסמים."
הארי פוטר,Qbzn - הארי פוטר 4_2005.mp4,https://drive.google.com/file/d/1Kg-bzPaHAEeeE6YYQ3qOke26XvgqZBIL/view,Harry Potter and the Goblet of Fire,2005,"פנטזיה, פעולה, הרפתקאות",157,"הארי פוטר משתתף בתחרות הסוד האורחית של שלושת הקוסמים, תוך כדי שהוא מתמודד עם סכנות גדולות וגל של אירועים מסתוריים. במהלך התחרות, הארי מגלה כי כוחות אפלים מתעוררים ונאלץ להתמודד עם איומים חדשים על עולמו."
הארי פוטר,Qbzn - הארי פוטר 5_2007.mp4,https://drive.google.com/file/d/1nS4TCUaACTGbs3P2BUR2yogKr7q0oaL5/view,Harry Potter and the Order of the Phoenix,2007,"פעולה, פנטזיה, הרפתקאות",138,"הארי פוטר מתמודד עם איומים חדשים כשהוא מגלה שקבוצה סודית בשם 'מסדר עוף החול' נאבקת בכוחות האופל. בבית הספר הוגוורטס, הארי וצורפיו מתמודדים עם דיכוי ומשימות מסכנות חיים. יחד, הם מנסים לחשוף את האמת ולהגן על עולם הקוסמים."
הארי פוטר,Qbzn - הארי פוטר 6_2009.mp4,https://drive.google.com/file/d/1E1nybaeKXtDg4UP7J0c3cAZZ9pMkf7Al/view,Harry Potter and the Half-Blood Prince,2009,"פנטזיה, הרפתקאות, אקשן",153,"הארי פוטר חוזר לשנה השישית בבית הספר הוגוורטס, שם הוא מגלה סודות חשובים על עברו של וולדמורט בעזרת ספר מסתורי. בזמן שהאיום של וולדמורט גובר, הארי וחבריו מוצאים עצמם מתמודדים עם סכנות חדשות והחלטות קשות."
הארי פוטר,Qbzn - הארי פוטר 7 • חלק 1_2010.mp4,https://drive.google.com/file/d/1tOBzuirCjAGq7gW0nb5D0VMUhMvmj9g-/view,Qbzn - הארי פוטר 7 • חלק 1_2010.mp4,N/A,N/A,N/A,N/A
הארי פוטר,Qbzn - הארי פוטר 7 • חלק 2_2011.mp4,https://drive.google.com/file/d/16byhDIifTQQwo66zgRRZ13tOAY3NzkmF/view,Qbzn - הארי פוטר 7 • חלק 2_2011.mp4,N/A,N/A,N/A,N/A
הארי פוטר,Qbzn - הארי פוטר 8 • בחזרה להוגוורטס_2022.mp4,https://drive.google.com/file/d/1ZXTeRMYn_puW2SNu7bVB6TcgFhdYxL7L/view,Qbzn - הארי פוטר 8 • בחזרה להוגוורטס_2022.mp4,N/A,N/A,N/A,N/A
קפטן אמריקה,קפטן אמריקה 1 - הנוקם הראשון,https://drive.google.com/file/d/1Q3RcDnuRq42aL__yT74WDw77M8ud042C/view?usp=drivesdk,קפטן אמריקה 1 - הנוקם הראשון,N/A,N/A,N/A,N/A
קפטן אמריקה,קפטן אמריקה 2 - החייל החורף,https://drive.google.com/file/d/1jZ3EDARrPx3At9NUinaAGTqn_Ddiz3gL/view,קפטן אמריקה 2 - החייל החורף,N/A,N/A,N/A,N/A
קפטן אמריקה,קפטן אמריקה 3 - מלחמת האזרחים,https://drive.google.com/file/d/137HeiBZGwrxx3Ed6NMZZ1xJU5G6rbMkG/view?usp=drivesdk,קפטן אמריקה 3 - מלחמת האזרחים,N/A,N/A,N/A,N/A
קפטן אמריקה,קפטן אמריקה 4 - Qbzn,https://drive.google.com/file/d/1fIRFlpomsYEuAKF8J7WqU5N8zmL1LHtF/view?usp=drivesdk,קפטן אמריקה 4 - Qbzn,N/A,N/A,N/A,N/A
שרק,שרק 1 - מדובב,https://drive.google.com/file/d/1-gdWD0N-iCdLMItt1mobdmY_7Jlyc_yy/view?usp=drivesdk,Shrek,2001,"אנימציה, קומדיה, הרפתקאות",90,"שארק הוא אורק חביב שמעדיף לחיות בבדידות בביצותיו. כאשר חבורת יצורים קסומים מגרשים אותו מביתו, הוא יוצא למסע להציל נסיכה ולהחזיר את השקט לחייו. במהלך הדרך הוא מגלה חברות אמת ואומץ פנימי."
שרק,שרק 2 - מדובב,https://drive.google.com/file/d/1-fNd4IKnysNTofQPRzzZiPjGMHhcyGWi/view?usp=drivesdk,Shrek 2,2004,"אנימציה, קומדיה, פנטזיה",93,שייק חוזר להרפתקה בסרט ההמשך שבו הוא יוצא למסע עם פיאונה ושון הכבש כדי לפגוש את הורי פיאונה ולהתמודד עם סכנות חדשות. העלילה מתמקדת באתגרים המשונים והבדיחות הקומיות שמופיעות בדרך להכרה וקבלת השוני.
שרק,שרק 3 - מדובב,https://drive.google.com/file/d/1-CiuiPyM7HxNcJ7AVn1LEVUi3HaVkBMc/view?usp=drivesdk,Shrek the Third,2007,"אנימציה, קומדיה, הרפתקאות",93,"שרק חוזר להרפתקה חדשה כאשר הוא מחפש את היורש לממלכת מווג וכל זה כדי להימנע מלקחת על עצמו את התפקיד. יחד עם חבריו, הוא יוצא למסע מצחיק ומרגש לצורך גילוי עצמי והגשמת גורלו."
שרק,שרק 4 - מדובב,https://drive.google.com/file/d/1-P_EqFQT5VGGq9lQTMwY--FD95qla-V_/view?usp=drivesdk,Shrek 4: Forever After,2010,"אנימציה, הרפתקאות, קומדיה",93,שרק חווה משבר זהות ומבקש להחזיר לעצמו את הימים שבהם היה מפלצת אמיתית. בעקבות הסכם קסום הוא נכנס לעולם מקביל שבו הכול שונה והוא חייב למצוא דרך לתקן את המצב ולהשיב את חייו למסלולם.
אווטאר הסרט,אווטאר 1 2009,https://drive.google.com/file/d/0B79u9U_OzyeCcGozNGhCY2NnTzQ/view?usp=drivesdk&resourcekey=0-Wf_aC5Etmd46_Mg-IqN3iw,Avatar,2009,"מדע בדיוני, הרפתקאות, פנטזיה",162,"בעולם עתידני על כוכב הלכת פנדורה, כספי לוחם נכה מצטרף לתוכנית שבה הוא משתמש בגוף אווטאר כדי לתקשר עם התושבים המקומיים. כשהוא מתקרב לתרבות שלהם, הוא מגלה סכסוך בין בני האדם לתושבי הכוכב ונאלץ לבחור בין נאמנות למולדתו או להצלת העולם החדש בו הוא חי."
אווטאר הסרט,איירבנדר אווטאר - כשף האוויר האחרון | (2010),https://drive.google.com/file/d/1Npg_g5FPB65QnUYwfsH7DC0mhcR5eIvJ/view,The Last Airbender,2010,"פנטזיה, פעולה, הרפתקאות",103,"הסרט עוקב אחרי נער צעיר בשם אנג שסוגייתו להיות ה'אווטאר' - היחיד שיכול לשלוט בארבעת היסודות: מים, אדמה, אש ואוויר. כשהארץ בסכנה על ידי אומה שניסתה להשתלט, אנג וצוותו יוצאים למשימה להציל את העולם. תוך כדי כך, הם מתמודדים עם אתגרים, אויבים וכוחות מסתורייים."
אווטאר הסרט,אווטאר דרכם של המים 2022,https://drive.google.com/file/d/1u2NGxUyw8p-IORmvSIRR6h9TitwCwLff/view?usp=drivesdk,Avatar: The Way of Water,2022,"מדע בדיוני, פנטזיה, הרפתקאות",192,"בעקבות אירועים מהסרט הראשון, ג'ייק סאלי ומשפחתו נאלצים להתמודד עם איומים חדשים מהעולם החיצון. הם חוקרים את האוקיינוסים של פנדורה ומגלים סודות חדשים תוך כדי מאבק על ההישרדות והגנה על סביבתם הטבעית."
אווטאר סרט,אווטאר 1 2009,https://drive.google.com/file/d/0B79u9U_OzyeCcGozNGhCY2NnTzQ/view?usp=drivesdk&resourcekey=0-Wf_aC5Etmd46_Mg-IqN3iw,Avatar,2009,"מדע בדיוני, פעולה, הרפתקאות",162,"הסיפור מתרחש בעתיד, כאשר ג'ייק סאלי, חייל נכה, נשלח לכוכב הלכת פנדורה. שם הוא מפעיל אווטאר – גוף ביולוגי סינטטי המחבר בין תודעתו לבין הגוף, ומוצא את עצמו במאבק לשמור על תושבי פנדורה מול כוח תעשייתי חמדן. הסרט מתמקד בקונפליקט בין הטבע לטכנולוגיה ובמסע של גילוי עצמי."
אווטאר סרט,איירבנדר אווטאר - כשף האוויר האחרון | (2010),https://drive.google.com/file/d/1Npg_g5FPB65QnUYwfsH7DC0mhcR5eIvJ/view,The Last Airbender,2010,"פנטזיה, פעולה, הרפתקאות",103,"בעולם שבו אנשים יכולים לשלוט באלמנטים טבעיים, נער בשם אנג מסוגל לשלוט בארבעה יסודות. הוא יוצא למסע להצלת העולם מהאווטאר הרשע שמנסה לשלוט בכל הארצות. במהלך הדרך הוא מצליח לאחד כוחות ולעמוד מול אתגרים גדולים."
אווטאר סרט,אווטאר דרכם של המים 2022,https://drive.google.com/file/d/1u2NGxUyw8p-IORmvSIRR6h9TitwCwLff/view?usp=drivesdk,Avatar: The Way of Water,2022,"מדע בדיוני, פעולה, הרפתקאות",192,"בסרט זה ממשיך ג'ייק סאלי לחקור את עולם פנדורה יחד עם משפחתו, כשהם נאלצים להתמודד עם איומים חדשים ומורכבים. העלילה מתמקדת ביחסים בין בני האדם ליוצרי העולם הקסום, וכן במאבקים לשמירת האיזון בין הכוחות השונים. הסרט מציע חוויית צפייה מרהיבה עם טכנולוגיות וויזואליות מתקדמות."
משימה בלתי אפשרית,משימה בלתי אפשרית 1,https://drive.google.com/file/d/1LMLg5vC1SDeg82lblGrLys_z0j_z_9DS/view,Mission: Impossible,1996,"פעולה, מתח",110,"איתן האנט, סוכן סודי של סוכנות IMF, מוצא את עצמו בירידה כאשר צוותו מוצא את עצמו בלא אמון לאחר ניסיון כושל להסיר איומים. הוא חייב לחשוף בוגד בתוך הארגון ולהציל את חייו במשימה בלתי אפשרית."
משימה בלתי אפשרית,משימה בלתי אפשרית 2,https://drive.google.com/file/d/1OQL64u3erGkjFo7mUJBQ5wSifZ7KEp5W/view,Mission: Impossible 2,2000,"פעולה, מתח",124,"איתן האנט משימה לעצור וירוס קטלני שנגנב על ידי טרוריסט. עם עזרתו של רשות MI, הוא חייב לחדור ולהשמיד את האיום לפני שהוא מתפשט ומחסל מיליונים."
משימה בלתי אפשרית,משימה בלתי אפשרית 3,https://drive.google.com/file/d/1y-jPcyIPeZK-cJXUm1AzmFSnZ8Mct3Ky/view,Mission: Impossible III,2006,"פעולה, מותחן, הרפתקאות",126,"אי.ת'אם האנט הוא סוכן חשאי המסיים את שירותו ולעבור לפרק את חייו עם ארוסתו. כאשר מתגלה איום חדש ומסוכן, הוא נאלץ לחזור לפעולה כדי להציל את חבריו ואת העולם מסכנה בלתי אפשרית."
משימה בלתי אפשרית,משימה בלתי אפשרית 4 קוד הצללים,https://drive.google.com/file/d/1kjpOIYj3bdG7Xs0Qbc6TSFd4zI13m9_K/view,משימה בלתי אפשרית 4 קוד הצללים,N/A,N/A,N/A,N/A
משימה בלתי אפשרית,משימה בלתי אפשרית 5 אומת הנוכלים,https://drive.google.com/file/d/1z4dJU9fWMFxrLZ-LraDM7jIU7D-Q3DDb/view?usp=drivesdk,משימה בלתי אפשרית 5 אומת הנוכלים,N/A,N/A,N/A,N/A
משימה בלתי אפשרית,משימה בלתי אפשרית 6 התרסקות,https://drive.google.com/file/d/16dZVw-Or97OZoZUxyOYLcvXFRjy8w1sV/view?usp=drivesdk,משימה בלתי אפשרית 6 התרסקות,N/A,N/A,N/A,N/A
משימה בלתי אפשרית,משימה בלתי אפשרית 7 נקמת המוות – חלק 1,https://drive.google.com/file/d/1-ltvqs8uzWjl_OCwiamsR9Nwu9wagB7u,משימה בלתי אפשרית 7 נקמת המוות – חלק 1,N/A,N/A,N/A,N/A
משימה בלתי אפשרית,משימה בלתי אפשרית 8 • החשבון הסופי,https://drive.google.com/file/d/1VnxC-PgyRsW33WQ6GAkPrDVyFLeUlAez/view?usp=drivesdk,משימה בלתי אפשרית 8 • החשבון הסופי,N/A,N/A,N/A,N/A
לשחרר את ווילי,לשחרר את ווילי 1,https://drive.google.com/open?id=1cYlSrxri1vjege0yPDe43eRGvVLbFUDH,לשחרר את ווילי 1,N/A,N/A,N/A,N/A
לשחרר את ווילי,חלק 1,https://drive.google.com/open?id=1tHvS_n7oz15h43VVyH-N6Y5yT9i2L_Or,חלק 1,N/A,N/A,N/A,N/A
לשחרר את ווילי,חלק 2,https://drive.google.com/open?id=1bg-igVx_mpWDTpeW2zqTIwjTM97AZjrm,Part II,2009,"אימה, מיסתורין",93,סרט אימה שבו דמויות מתמודדות עם סודות אפלים ומפחידים שמתחילים להתגלות מחדש. העלילה מתמקדת בהשלכות מסוכנות שמתרחשות בעקבות אירועים מהעבר.
לשחרר את ווילי,לשחרר את ווילי 3 - ההצלה,https://drive.google.com/open?id=1iDdSd0AjzQzURSdxUvZPjar5nJ81Zgub,Free Willy 3: The Rescue,1997,"הרפתקאות, דרמה",91,"בחלק השלישי בסדרה, ג'סי מתכנן להציל את כוויאט, הכוראל השחור החביב עליו, שנמצא בסכנת הישלחמות. יחד עם ווילי, הם יוצאים למשימה להציל את הים והיצורים שבתוכו מאיום ההרס."
לשחרר את ווילי,לשחרר את ווילי 4 - הבריחה מהפיראטים,https://drive.google.com/open?id=1C2neBKseLR6maonXPDE9Gk-vpcCst2SH,Free Willy 4: Escape from Pirate's Cove,2010,"הרפתקאות, משפחה",87,"ג'סי מתגבר על פחדיו ומבקר באי שבו חי ולי, הלוויתן האהוב. כשהוא מגלה שהאי בסכנה מפיראטים, הוא צריך לעזור לולי ולחבריו להימלט ולהציל את ביתם בטבע."
דדפול,דדפול 1,https://drive.google.com/file/d/0B6Hm7pw6lh-Rbks0aFVjUEliYlU/view?usp=drivesdk&resourcekey=0-bOVfsMy4P_eFDKhMW268qA,Deadpool,2016,"פעולה, קומדיה, מדע בדיוני",108,"וייד וילסון הוא חייל לשעבר שהופך למיליוןר עסקים, אך לאחר שאובחן במחלת סרטן הוא עובר ניסוי רפואי סודי שמקנה לו כוחות על, אך משחית את מראהו. הוא יוצא לנקום במי שהרס את חייו תוך כדי ביקורת עצמי והומור שחור."
דדפול,דדפול 2,https://drive.google.com/file/d/1JZaocIUzptXPOF5z3DRKeXe2hSrmGRnP/view?usp=drivesdk,Deadpool 2,2018,"אקשן, קומדיה, סרט גיבורים",119,"וייד וילסון, הידוע כדדפול, ממשיך בהרפתקאותיו כשהוא מנסה להגן על נער בשם ראספוטין מפני שכיר החרב קייבבל. הסרט משלב אקשן מטורף והומור אירוני בעולם גיבורי על."
דדפול,דדפול 3,https://drive.google.com/file/d/1CD58luaeUZc_fzkTssEFtR1BGFcjbxj0/view?usp=drivesdk,Deadpool 3,2024,"פעולה, קומדיה, פנטזיה",125,"הסרט ממשיך את סיפורו של וייד וילסון, איש הקומיקס עם חוש הומור שחור וכוחות ריפוי על-אנושיים. הפעם, דדפול מתמודד עם אתגרים חדשים ועם פגישות לא צפויות בעולם הקולנועי של מארוול. הוא משלב פעולה והומור ייחודי בסיפור מרתק ומלא הפתעות."
שכחו אותי בבית,שכחו אותי בבית 1,https://drive.google.com/file/d/1Fx9v2kf6hayCVN3zJUYrARq5Afey_knc/view?usp=drivesdk,Home Alone,1990,"קומדיה, משפחה",103,"נער קטן בשם קווין נשאר בטעות לבד בבית בזמן שתחילת חג המולד משפחתו יוצאת לחופשה בחו""ל. בזמן זה, הוא מתמודד עם שני פורצים שמנסים לפרוץ לביתו, ומנצח אותם באמצעות מלכודות מצחיקות ומקוריות."
שכחו אותי בבית,שכחו אותי בבית 2,https://drive.google.com/file/d/1rOMDO23f4VTO_8O3Mj0AsZwV_k7FZ_bO/view?usp=drivesdk,Home Alone 2: Lost in New York,1992,"קומדיה, משפחה",120,"קווין מקריסטי שוב נשאר לבד, הפעם במנהטן, ניו יורק, לאחר שמשפחתו עוצרים בטעות בטיסת יוצאת. הוא מתמודד עם שני התעלולים המוכרים שלו כדי לעצור פושעים שמנסים לבצע גניבה בחנות צעצועים ידועה."
שכחו אותי בבית,שכחו אותי בבית 3,https://drive.google.com/file/d/1WDpSwL_q7X4d-LB5OoFS0zZityqWj3NU/view?usp=drivesdk,Home Alone 3,1997,"קומדיה, פעולה",102,ילד בן שמונה בשם אלכס מוצא את עצמו לבד בבית כאשר שודדים מחפשים חפצים יקרים שהוחזקו בתוך צעצועים. אלכס משתמש ביצירתיות ובמלכודות כדי להעניש את הגנבים ולהגן על הבית שלו. הרפתקה משעשעת ומותחת המלאה בהומור והרבה מתח.
שכחו אותי בבית,שכחו אותי בבית 4,https://drive.google.com/file/d/1iUPccPdUpr6UdP3LbtEMq0EU7q7czjLX/view?usp=drivesdk,Home Alone 4,2002,"קומדיה, משפחה",88,"קווין מקאליסטר מנסה לשמור על הבית כשהוריו נפרדים, והוא מתמודד עם שני פורצים שמנסים לפרוץ אליו. הסרט ממשיך את הרפתקאותיו של קווין במשפחה חדשה וסביבה לא מוכרת. בשונה מהסרטים הקודמים, הפוקוס הוא על הדינמיקה המשפחתית לצד המסכנות והמבוכות הקומיות."
שכחו אותי בבית,שכחו אותי בבית 5,https://drive.google.com/file/d/18oecmkJnT08xUUmKKo7Kzo0xpAN1m4Dl/view?usp=drivesdk,Home Alone 5,2012,"קומדיה, משפחתי",90,"הסרט עוקב אחרי ילד חכם ונמרץ שמתמודד עם פרצת גנבים שמנסים לפרוץ לביתו בזמן חופשה משפחתית. באמצעות תחכום ותחבולות שונות, הוא מצליח להגן על הבית וללמד את הגנבים לקח. סרט חמש בסדרת 'שכחו אותי בבית' שמציע הרפתקאות והומור לכל המשפחה."
שכחו אותי בבית,שכחו אותי בבית 6,https://drive.google.com/file/d/10TggeruX4QlhBXdb52AUKoS6aRx9QQVT/view?usp=drivesdk,Home Alone 6,2002,"קומדיה, משפחה",89,"הסרט עוקב אחר ילד צעיר שנשאר בבית לבד במהלך חופשת חג המולד, ומתמודד עם דרדרות וגנבים במבצעי הגנה יצירתיים. הסרט מציג הרפתקאות מצחיקות והרבה רגעים משפחתיים חמים."
הרץ במבוך,Qbzn - הרץ במבוך 1_2014.mp4,https://drive.google.com/file/d/12k_UyTfd7sZKf2Emay1HBOptrwvPrSGe/view,Qbzn - הרץ במבוך 1_2014.mp4,N/A,N/A,N/A,N/A
הרץ במבוך,Qbzn - הרץ במבוך 2_2015.mp4,https://drive.google.com/file/d/1lB7HSCNQhfH8bXfDb4-tRVQQgl0qs8uB/view,Qbzn - הרץ במבוך 2_2015.mp4,N/A,N/A,N/A,N/A
הרץ במבוך,Qbzn - הרץ במבוך 3_2018.mp4,https://drive.google.com/file/d/1Dl16oSsGjT3RHhpdf_fV2tgZPWgqdBSS/view,Qbzn - הרץ במבוך 3_2018.mp4,N/A,N/A,N/A,N/A
רמבו,רמבו 1,https://drive.google.com/file/d/1HW1pm2r9Qv1kgs7kUkzTTYV9FKVUkoTM/view?usp=drivesdk,רמבו 1,N/A,N/A,N/A,N/A
רמבו,רמבו 2,https://drive.google.com/file/d/11oiKrNz_pU_sl3B_Hs-tOnzH27MO0Fg3/view?usp=drivesdk,רמבו 2,N/A,N/A,N/A,N/A
רמבו,רמבו 3,https://drive.google.com/file/d/1xi9mXOJCOw-s_TJ04U0PoE_aJpcKXh73/view?usp=drivesdk,רמבו 3,N/A,N/A,N/A,N/A
רמבו,רמבו 4,https://drive.google.com/file/d/1TIf3Q-wTif3lmP3-gYKigV3BNJ4gxEfj/view?usp=drivesdk,רמבו 4,N/A,N/A,N/A,N/A
רמבו,רמבו 5,https://drive.google.com/file/d/1HDXOI8cnpt7JN2ffpmAM-HaeEoVNEqjj/view?usp=drivesdk,Rambo,2008,"אקשן, דרמה",93,"רמבו הוא וטרן מלחמה שחי בשקט עד שהוא מתבקש לעזור בקבוצה של נוצרים נרדפים במיאנמר. הוא יוצא למשימה להצלת בני אדם בסיכון, ולחימה בכנופיות מקומיות. הסרט מציג את המאבק של רמבו לצדק ונחישות להגן על הצד החלש."
עידן הקרח,עידן הקרח 1 - מדובב,https://drive.google.com/file/d/1QxqO4n8buw9XLocoj1w7TQb_FV8O6-ad/view?usp=drivesdk,Ice Age,2002,"אנימציה, הרפתקאות, קומדיה",81,"בזמן תקופת הקרח, שלושה יצורים יוצאי דופן - המאמץ מנואל, המוצל, והגמל שלו, מוצא סקרלט, מתאחדים כדי להחזיר תינוק אנושי למשפחתו. תוך כדי המסע, הם מתמודדים עם אתגרים שונים ולומדים על חברות ומשפחה."
עידן הקרח,עידן הקרח 2 - מדובב,https://drive.google.com/file/d/1B1KQqAPXMpFPHfV1_Yi_G8sRU8pxw9tf/view?usp=drivesdk,Ice Age: The Meltdown,2006,"מדע בדיוני, אנימציה, קומדיה",91,"עידן הקרח 2 מספר על סיד, מאני ודיאגו שמגלים כי קרחון ענקי הולך להמיס את ביתם. הם יוצאים למסע להציל את הטריטוריה מהם, תוך התמודדות עם סכנות חדשות והרפתקאות מצחיקות."
עידן הקרח,עידן הקרח 3 - מדובב,https://drive.google.com/file/d/1WV5mAtiHDmtN7-0M8lt9GilCws2k1sVC/view?usp=drivesdk,Ice Age: Dawn of the Dinosaurs,2009,"קומדיה, הרפתקאות, אנימציה",94,"סיד, מנדרלה ומני יוצאים להרפתקה חדשה כאשר סיד מוצא ביצה מסתורית שהופכת לדינוזאור. השלישייה נכנסת לעולם תת-קרקעי מלא בדינוזאורים ומנסים להציל את חברם. הסרט מלא בהומור והרפתקאות מרתקות."
עידן הקרח,עידן הקרח 4 - מדובב,https://drive.google.com/file/d/18j4RHey1hx6aTISNiWRlwhEU1l_JNokY/view?usp=drivesdk,Ice Age: Continental Drift,2012,"אנימציה, הרפתקאות, קומדיה",88,"בעידן הקרח 4, סיד וחבורתו מוצאים את עצמם בספינה צפה בים בעקבות התפוררות היבשה. הם פוגשים דמויות חדשות ומתמודדים עם גנבים וכוחות טבע כשהם מנסים לחזור הביתה ולשמור על החברים שלהם."
עידן הקרח,עידן הקרח 5 - מדובב,https://drive.google.com/file/d/13dAuAVZFBq5-zoIdUPVe6iRYIoEwv6kM/view?usp=drivesdk,Ice Age: Collision Course,2016,"אנימציה, הרפתקאות, קומדיה",94,סיד ולחבריו מתמודדים עם איום חדש על העולם כשהשינאה מתקרבת לכדור הארץ. במהלך ההרפתקה הם מגלים את חשיבות החברות והאומץ תוך כדי מאבק להציל את ביתם.
אקס מן,אקס מן 1 ↙️,https://drive.google.com/file/d/1OuVv421PmQ8yY5TQHySFnj3iID3FC58F/view?usp=drivesdk,X-Men,2000,"אקשן, מדע בדיוני, פנטזיה",104,"קבוצת אנשים עם יכולות על טבעיות, המכונים X-Men, נאבקים למנוע סכסוך בין המוטנטים לבני האדם. פרופסור קסבייר מוביל את הקבוצה במאבק נגד מגנטו, שמאיים על שלום העולם. הסרט מציג את המתח בין קבלה לצורך בהגנה עצמית."
אקס מן,אקס מן 2 ↙️,https://drive.google.com/file/d/1ALEH5JgxI4NekzK_M1wBg0haZZA0UMlE/view?usp=drivesdk,X2: X-Men United,2003,"פעולה, מדע בדיוני, פנטזיה",134,"קבוצת המוטאנטים של 'אקס מן' מתאחדת על מנת להיאבק באיום חדש שמסכן הן את המוטאנטים והן את בני האדם. כשהנשיא האמריקאי נמצא במטרה, הם חייבים לשתף פעולה כדי להציל את העתיד. הסרט ממשיך להעמיק במאבקים הפנימיים והחיצוניים של הדמויות."
אקס מן,אקס מן 3 - המפלט האחרון ↙️,https://drive.google.com/file/d/11PpGiZ_WalYJWxsIrR2aF-GvuFiBSgKC/view?usp=drivesdk,X-Men: The Last Stand,2006,"מדע בדיוני, פעולה, הרפתקאות",104,קבוצה של בעלי כוחות על מתמודדת עם תרופה חדשה שמבטלת את כוחותיהם. הקונפליקט בין המוטנטים לבין החברה שמתנגדת להם מגיע לשיא כשהם מתאחדים למלחמה שהכריעה את עתידם. הסרט ממשיך את סיפורם של דמויות מוכרות מיקום ה-X-Men.
אקס מן,אקס מן 4 - המקור וולברין ↙️,https://drive.google.com/file/d/165FEQF9wPESl7hvDuMPxv43r-KaGVBts/view?usp=drivesdk,X-Men Origins: Wolverine,2009,"פעולה, מדע בדיוני, הרפתקאות",107,"הסרט מתמקד בסיפורו של לוגאן, הידוע גם בשם וולברין, ומתאר את רגעיו המוקדמים כחלק מיחידת האקסמן. העלילה מגלה את מקור כוחותיו ואת מערכת היחסים המורכבת עם אחיו ויוריק. יחד עם זאת, הסרט מציג את מסעו למצוא את זהותו ולהתמודד עם אויבים מהעבר."
אקס מן,אקס מן 5 - ההתחלה ↙️,https://drive.google.com/file/d/1mTsNU8QsLVFNkGaW7lv_Zduze46GpjS1/view?usp=drivesdk,X-Men: First Class,2011,"מדע בדיוני, אקשן, הרפתקאות",132,"הסרט עוקב אחרי המקור של קבוצת האקס מן, כאשר צ'ארלס קסביאר ואריק למפרט נפגשים לראשונה ומתמודדים עם איומים חדשים בזמן המלחמה הקרה. הם מגייסים צוות של אנשים עם כוחות מיוחדים כדי לעצור את בר הלה חיים ולמנוע מלחמה גרעינית."
אקס מן,אקס מן 6 - וולברין ↙️,https://drive.google.com/file/d/1SqNYwdzaG-ROU9ovo25KgTyyo7UdDvwb/view?usp=drivesdk,X-Men Origins: Wolverine,2009,"פעולה, מדע בדיוני, הרפתקאות",107,"הסרט עוקב אחרי סיפורו של לוגן, הידוע כאיש הזאב, מגיל צעיר ועד להפיכתו לאחד הגיבורים המרכזיים ביקום אקס מן. הוא מתמודד עם חשבונות עבר ומנסה להגן על האנשים האהובים עליו בעולם מסוכן ומלא בסכנות."
אקס מן,אקס מן 7 - העתיד שהיה ↙️,https://drive.google.com/file/d/1k49I2iTd77yHF5IjAXEepCgw6dZVL6_7/view?usp=drivesdk,אקס מן 7 - העתיד שהיה ↙️,N/A,N/A,N/A,N/A
אקס מן,אקס מן 8 - דדפול ↙️,https://drive.google.com/file/d/193eUJx5Gnt_jDxVwEKprV8F9M-jlYbOV/view?usp=drivesdk,אקס מן 8 - דדפול ↙️,N/A,N/A,N/A,N/A
אקס מן,אקס מן 9 - אפוקליפסה ↙️,https://drive.google.com/file/d/1nanazuyc7V8TbqA_HvYGMpAWsIaS8V89/view?usp=drivesdk,אקס מן 9 - אפוקליפסה ↙️,N/A,N/A,N/A,N/A
אלוף ללא עוררין,אלוף ללא עוררין 1 ↙️,https://drive.google.com/file/d/12Rv2EPZq2KvuDis4Vw7_zaLXChQGfUQm/view?usp=drivesdk,אלוף ללא עוררין 1 ↙️,N/A,N/A,N/A,N/A
אלוף ללא עוררין,אלוף ללא עוררין 2 ↙️,https://drive.google.com/file/d/1XbVf07zc4ai5GWhmqMYmYjRui8S5N88p/view?usp=drivesdk,אלוף ללא עוררין 2 ↙️,N/A,N/A,N/A,N/A
אלוף ללא עוררין,אלוף ללא עוררין 3 ↙️,https://drive.google.com/file/d/1LOwcE6eB_XwNkduqOFaC2iJ-N7VfIoba/view?usp=drivesdk,אלוף ללא עוררין 3 ↙️,N/A,N/A,N/A,N/A
אלוף ללא עוררין,אלוף ללא עוררין 4 ↙️,https://drive.google.com/file/d/1yvyIBmzQtaUAJsfxhbuQeb3DCmKH5kkM/view?usp=drivesdk,אלוף ללא עוררין 4 ↙️,N/A,N/A,N/A,N/A
שודדי הקאריביים,שודדי הקאריביים 1 - קללת הפנינה השחורה ↙️,https://drive.google.com/file/d/18N0CcCpTFKxPddwA42f_wVupZoKwL9l0/view?usp=drivesdk,שודדי הקאריביים 1 - קללת הפנינה השחורה ↙️,N/A,N/A,N/A,N/A
שודדי הקאריביים,שודדי הקאריביים 2 - תיבה של איש מת ↙️,https://drive.google.com/file/d/1KP3bJUZJOG61oa8QbOwss4Vqj-gbpefi/view?usp=drivesdk,Pirates of the Caribbean: Dead Man's Chest,2006,"פעולה, הרפתקאות, פנטזיה",151,"ג'ק ספארו מוצא את עצמו במרדף מסוכן אחרי תיבת מוות מסתורית, שמכילה את ליבו של דייב ג'ונס, יצור ימי אימתני. הסרט מציג הרפתקאות במים עם מפלצות, קרבות ושאיפות להישרדות בעולם פיראטי מסוכן."
שודדי הקאריביים,שודדי הקאריביים 3 - סוף העולם ↙️,https://drive.google.com/file/d/1MZ6hwwgA1o0YnjlZzY5t35HsidmjOCfP/view?usp=drivesdk,Pirates of the Caribbean: At World's End,2007,"הרפתקאות, פעולה, פנטזיה",169,"ג'ק ספארו נלכד בעולם בין החיים למוות, ולחבריו נדרשת התעלות כדי להציל אותו ולהילחם נגד אויבים חדשים שמאיימים על השלום בים. הקרבות בין שודדי הים מגיעים לשיאם עם בריתות מתפוררות וסכנות שלא נראו קודם."
שודדי הקאריביים,שודדי הקאריביים 4 - זרמים זרים ↙️,https://drive.google.com/file/d/1eccmP_SuCdrsXgasSpsZd-QochpD3HKr/view?usp=drivesdk,Pirates of the Caribbean: On Stranger Tides,2011,"הרפתקאות, פנטזיה, פעולה",137,"קפטן ג'ק ספרווד יוצא למסע חדש בעקבות מעיין נעורים אלמוני שמסוגל להעניק חיי נצח. במהלך המסע הוא מתמודד עם פיראטים חדשים, ספינות אויב והרפתקאות מסוכנות בים הקריביים."
שודדי הקאריביים,שודדי הקאריביים 5 - נקמתו של סלזאר ↙️,https://drive.google.com/file/d/1FhJE0DlE_u4tlZXrIlar5_Ylx5x_wfJL/view?usp=drivesdk,Pirates of the Caribbean: Dead Men Tell No Tales,2017,"פעולה, הרפתקאות, פנטזיה",129,"קפטן ג'ק ספארו מוצא את עצמו במרדף אחרי קפטן סלזאר, שהצליח לברוח מהאבדון ומתכנן לנקום בכל שודדי הים. יחד עם צוות נאמן, ג'ק מנסה לגלות את תעלומת הקונסטליישן כדי לעצור את סלזאר ולהבטיח את הישרדותו."
בלתי נשכחים,Qbzn - בלתי נשכחים 1_2010.mp4,https://drive.google.com/file/d/1BMSNpK-UE2CslQaCr11feMn-yQCL87hR/view,Unforgettable,2010,דרמה,95,סרט דרמה המתאר את סיפוריהם האינטימיים של דמויות שנאבקות עם זיכרונות ומאורעות בלתי נשכחים מעברם. העלילה מתמקדת בקשרים האנושיים ובתהליך הריפוי האישי. הדמויות מוצאות דרכים להתמודד עם הכאב ולמצוא משמעות חדשה לחייהן.
בלתי נשכחים,Qbzn - בלתי נשכחים 2_2012.mp4,https://drive.google.com/file/d/1qG2mgos2HqrUEzIsAviCghKzAiaOA-0o/view,The Expendables 2,2012,"אקשן, מותחן, הרפתקאות",103,"חבורת לוחמים מושחזים יוצאת למשימה מסוכנת להציל חבר שנולד לסכנה. במהלך המשימה הם מתמודדים עם אויבים קשוחים ומכשולים בלתי צפויים, בניסיון להשלים את המשימה ולהישאר בחיים."
בלתי נשכחים,Qbzn - בלתי נשכחים 3_2014.mp4,https://drive.google.com/file/d/1lD5vtdspj03a4UxEcWkdtIzRxwqhcLKA/view,The Expendables 3,2014,"פעולה, הרפתקאות, אקשן",126,"הסרט ממשיך את סיפורם של צוות השכירי החרב שמתמודדים עם אתגר חדש. הפעם הם ניצבים מול אויב חזק במיוחד, שמאיים על העולם. הסרט מלא בפעולה אדרנלין וקבוצת גיבורי על שמגנים על הצדק."
בלתי נשכחים,Qbzn - בלתי נשכחים 4_2023.mp4,https://drive.google.com/file/d/1yv_tH5i99UbPhsiLjqi_91S2YXiL8Fsg/view,Unforgettable 4,2023,"פעולה, מתח",120,"ב'בלתי נשכחים 4', צוות של לוחמים מיומנים יוצאים למשימה מסוכנת להציל בני ערובה ולהילחם בארגון פשע עולמי. הסרט מתאפיין בפעולת אקשן מרתקת עם רגעים של מתח ודרמה אינטנסיבית."
יומנו של חנון,יומנו של חנון 1 ↙️,https://drive.google.com/file/d/14DnDrAwdqC9bDIJxz3Y5OOLbpn8gJdMR/view,Diary of a Wimpy Kid,2010,"קומדיה, הרפתקאות",94,"הסרט עוקב אחרי גרג הפלי, ילד חנון שמנסה לנווט את מסיבת החיים בבית הספר התיכון. דרך יומנו האישי, גרג מספק מבט מצחיק וכנה על האתגרים החברתיים והמשפחתיים שעומדים בפניו."
יומנו של חנון,יומנו של חנון 2 ↙️,https://drive.google.com/file/d/1zaNRRuNac1yxDYw6lFZRYJKoEJTd8M0b,Diary of a Wimpy Kid: Rodrick Rules,2011,"קומדיה, משפחה",99,"הסרט עוקב אחרי גרג הידלי המשתדל לשרוד את השנה השנייה בבית הספר התיכון, כאשר אחיו הגדול רודריק ממשיך להקשות עליו בדרכים מצחיקות וקשות. עם הרבה מצבים קומיים, הסרט מראה את הקשרים המשפחתיים והאתגרים שבין האחים."
יומנו של חנון,יומנו של חנון 3 ↙️,https://drive.google.com/file/d/1KkHs24hxS7_S5Ia1Caj27TsxbM12r_7I,Diary of a Wimpy Kid: Dog Days,2012,"קומדיה, משפחה",94,"גרג הפלי מבלה את הקיץ בבית בסדרה של הרפתקאות מצחיקות ומשונות, כאשר הוא מנסה ליהנות מכל רגע ולהימנע מצרות. יחד עם חבריו, הוא מתמודד עם בעיות בדרך האופיינית לו של נער מתבגר שנכנס לעולם החדש של הקיץ."
יומנו של חנון,יומנו של חנון 4 ↙️,https://drive.google.com/file/d/1OP13lF5CGNmqY9toyx_uS6VhOLpjUJwf/view,יומנו של חנון 4 ↙️,N/A,N/A,N/A,N/A
וונדר וומן,וונדר וומן 2017,https://drive.google.com/file/d/1qCiKEjR0-Hk-0a_7RtBOic98M2LV1ok0/view?usp=drivesdk,וונדר וומן 2017,N/A,N/A,N/A,N/A
וונדר וומן,וונדר וומן 1984 - 2020,https://drive.google.com/file/d/10jqJPzOrGPROJ21JUfW4SKQlBorrMK0j/view?usp=drivesdk,וונדר וומן 1984 - 2020,N/A,N/A,N/A,N/A
מהיר ועצבני,Qbzn • מהיר ועצבני 1 • 2001.mp4,https://drive.google.com/file/d/1mlJhsHHSY4Vy0iQGixvMo5KRqaOzEmpN/view,Qbzn • מהיר ועצבני 1 • 2001.mp4,N/A,N/A,N/A,N/A
מהיר ועצבני,Qbzn • מהיר ועצבני 2 • 2003.mp4,https://drive.google.com/file/d/1Q8jsVEbE1OkQ6nSCt5Cq1qpta9pune8N/view,Qbzn • מהיר ועצבני 2 • 2003.mp4,N/A,N/A,N/A,N/A
מהיר ועצבני,Qbzn • מהיר ועצבני 3 • 2006 • טוקיו דריפט .mp4,https://drive.google.com/file/d/1jxVCDOGJGqSSmE-hIc-B12yU-4ULAS6d/view,Qbzn • מהיר ועצבני 3 • 2006 • טוקיו דריפט .mp4,N/A,N/A,N/A,N/A
מהיר ועצבני,Qbzn • מהיר ועצבני 4 • 2009.mp4,https://drive.google.com/file/d/16cInLHM6W51Aw2FIYh9cdyTCCCiivyBG/view,Fast & Furious,2009,"אקשן, פשע",107,דום טורטו וחבריו מתאחדים מחדש כדי להתמודד עם אויב חדש שמאיים עליהם ועל העולם התחתון. הקרבות והמרדפים המהירים מביאים את כולם לשיא של מתח ואדרנלין. הסרט משלב אקשן מרהיב עם תעלומות ודרמה אישית.
מהיר ועצבני,Qbzn • מהיר ועצבני 5 • 2011.mp4,https://drive.google.com/file/d/1O0Bhgj5vnyWM33xOmoRAxZ163qbw8AbI/view,Fast Five,2011,"אקשן, פשע, Thriller",130,"דום טורטו וצוותו מתכנסים בריו דה ז'נרו לתכנן שוד גדול על קרטל סמים של הקברניט המקומי. במהלך המרדף והבריחה המותחים, הם מתמודדים עם המשטרה והחמושים, ויוצרים בריתות חדשות שמאתגרות את החוק והגשמת השלום."
מהיר ועצבני,Qbzn • מהיר ועצבני 6 • 2013.mp4,https://drive.google.com/file/d/1vh9Q0VIGoayRc9Pi0HaSHoLwbBO4Yy-d/view,Fast & Furious 6,2013,"פעולה, פשע, מתח",130,"דום טורטו וצוותו מתמודדים עם רשת פשע בינלאומית שמאיימת על שלום העולם. הם משתפים פעולה עם סוכנת הממשלה כדי להפסיק את האיום הגדול, אך העבר חוזר לרדוף אותם ומערכות היחסים נבחנות מחדש."
מהיר ועצבני,Qbzn • מהיר ועצבני 7 • 2015.mp4,https://drive.google.com/file/d/1UbLjLbr5yLjUEZt0PrRDrte32wZDV4SW/view,Furious 7,2015,"פעולה, אקשן",137,"הסרט ממשיך את סיפור הקבוצה המתמודדת עם איומים חדשים, כשדום תורטו וצוותו צריכים להילחם בנבל חדש שמבקש לנקום. הם מתמודדים עם מסעות מסוכנים ומשימות מרתקות שמסתיימות בנסיון להציל את האנשים האהובים עליהם."
מהיר ועצבני,Qbzn • מהיר ועצבני 8 • 2017.mp4,https://drive.google.com/file/d/1PA9S4TKKqs0IDuJcDMmYrHtV70nQ_GoM/view,The Fate of the Furious,2017,"פעולה, אקשן",136,דום טורטו חוזר לעולם הפשע ומשנה את נאמנותו לקבוצה שלו. שאר הצוות חייבים לעבוד יחד כדי לעצור אותו ולהרתיע איומים חדשים בעולם מרוץ המכוניות והפשעים. סרט אקשן מותח עם סצנות מרהיבות של מרוצים ופעולה.
מהיר ועצבני,Qbzn • מהיר ועצבני 9 • 2021.mp4,https://drive.google.com/file/d/1etoaRIEZmt7NVtpfY2bAv2CjUHXX-h-u/view,F9,2021,"אקשן, פעולה, פשע",143,"הסרט התשיעי בסדרת 'מהיר ועצבני' ממשיך לעקוב אחרי דום טורטו וצוותו במאבק נגד אויבים חדשים מהעבר. הפעם הם נלחמים באחיו של דום, שמסכן את העולם בתוכנית הרסנית במיוחד. שילוב של מירוצים מטורפים, אקשן עוצר נשימה וקשרים משפחתיים."
מהיר ועצבני,Qbzn • מהיר ועצבני X 10 • 2023.mp4,https://drive.google.com/file/d/1jw3C5R-8FBQ31SHGh0GWDv1aMWg_d0SN/view,Fast X,2023,"אקשן, פשע, דרמה",141,"בסרט העשירי בסדרת מהיר ועצבני, דום וטוקיו מתמודדים עם איום חדש שמגיע מהעבר, בעוד שהם נאבקים לשמור על משפחתם וחבריהם בטוחים. העלילה מתמקדת בקונפליקטים אישיים וקרבות מהירים ברחבי העולם."
מהיר ועצבני,Qbzn • מהיר ועצבני הובס ושואו • 2019.mp4,https://drive.google.com/file/d/1JKVzOlV_wLIrRyXReZYqzWMivSOl2mUl/view,Fast & Furious Presents: Hobbs & Shaw,2019,"פעולה, אקשן",137,"הובס ושואו, שני דמויות מרכזיות מהסדרה 'מהיר ועצבני', משתפים פעולה על מנת לעצור סוכן ביוטכנולוגי מסוכן שמאיים על העולם. הסרט משלב פעולה, מרדפים אדירים והומור מרענן."
הצעקה,חלק 1,https://drive.google.com/file/d/1eyxuPo9MAIDfPUDNfAPpt69pyeQxUFOi/view?usp=drivesdk,Part 1,2015,"פנטזיה, דרמה",95,"הסרט עוקב אחר סיפורו של צעיר שמגלה עולמות מסתוריים בתוך עצמו ובסביבתו. במהלך המסע, הוא מתמודד עם אתגרים אישיים וחברתיים שמביאים אותו להתבגרות ולהבנה עמוקה יותר על חייו."
הצעקה,חלק 2,https://drive.google.com/file/d/1DAQYbBSw2GyhZRaUs0IGAB1MRqdYRoQ2/view?usp=drivesdk,Part 2,2009,"פשע, דרמה",90,"הסרט מגולל את סיפורו של אדם שמנסה להתמודד עם ההשלכות של מעשיו בעבר ולפצח את הקשר המורכב בין משפחה ופשע. תוך כדי כך, הוא מוצא עצמו במאבק פנימי וחיצוני על הישרדות וכבוד."
הצעקה,הצעקה 2,https://drive.google.com/file/d/13stvUR8fzDjxBUVUFGbJdO6TUqCtBSNk/view?usp=drivesdk,Scream 2,1997,"אימה, מיסתורין",120,"אחרי הטראומה שחוותה בסרט הראשון, סידני פרסקט מתמודדת עוד פעם עם רצחנים מסתוריים שמתחילים לרדוף אותה שוב. הסרט ממשיך לחקור את עולם האימה והמתח כשהסכנה מתקרבת ומאיימת על חייה ושל חבריה."
הצעקה,הצעקה 3,https://drive.google.com/file/d/1l6OmZtuYHPtnLTPQseoRq504owl6_3Gs/view?usp=drivesdk,Scream 3,2000,"אימה, מותחן",113,סידני פרסקט חוזרת לעמדה כאשר רוצח סדרתי מחפש את מקורו ומטרתו בארכיון הסרטים של ההמשך ל'הצעקה'. הסרט מערב את הגיבורות בהתמודדות עם האימה והסודות שמאחורי הרציחות הקודמות.
הצעקה,הצעקה 4,https://drive.google.com/file/d/1pVXAMTjjcn806a2oUXKG9nyKvi4na7Tr/view?usp=drivesdk,Scream 4,2011,"אימה, מותחן, פשע",111,"עשר שנים לאחר סדרת הרציחות הקודמות בעיירת וודסבורו, נערה בשם סידני מגיעה חזרה הביתה ללימודים בתיכון. כאשר רציחות חדשות מתחילות להתרחש, סידני ובן משפחתה מתמודדים עם סכנה חדשה שמאיימת על כולם. הסרט ממשיך את המסורת של יצירת אימה, מתח ותעלומות סביב זהות הרוצח."
הצעקה,חלק 1,https://drive.google.com/file/d/10Favl_JcFgw4oAlS8bEXX34-RIQzvXS8/view,חלק 1,N/A,N/A,N/A,N/A
הצעקה,חלק 2,https://drive.google.com/file/d/1lQGbem9P3UKS3zjsVvFOAZ1Eoy-B-UoY/view,חלק 2,N/A,N/A,N/A,N/A
הצעקה,הצעקה 6,https://drive.google.com/file/d/1hhfdrh6GD9WIi52FXHDkMohOErxtA1DD/view?usp=drivesdk,הצעקה 6,N/A,N/A,N/A,N/A
מולאן,מולאן 1 מתורגם ↙️,https://drive.google.com/file/d/1CY40zztAmaJntC2vLIu363ASPp6ICg9x/view,מולאן 1 מתורגם ↙️,N/A,N/A,N/A,N/A
מולאן,מולאן 1 מדובב ↙️,https://drive.google.com/file/d/1O_4K5HUVAYIq8J6vaX2lYQzcJIdB_nlF/view,מולאן 1 מדובב ↙️,N/A,N/A,N/A,N/A
מולאן,מולאן 2 מתורגם ↙️,https://drive.google.com/file/d/1WNiMDpxDZUKQG2SPcwNBnt17Zg7ELWSE/view,מולאן 2 מתורגם ↙️,N/A,N/A,N/A,N/A
מולאן,מולאן 2 מדובב ↙️,https://drive.google.com/file/d/1BnJMCAwhmkvU7uTdGQqpLHm26E8sjNph/view,מולאן 2 מדובב ↙️,N/A,N/A,N/A,N/A
מולאן,מולאן 2020 מתורגם ↙️,https://drive.google.com/file/d/1Z8YWTJFXhNZRo_bqoDfGrnBz9K0qP5rM/view,Mulan,2020,"פעולה, דרמה, פנטזיה",115,"סרט פעולה ופנטזיה המבוסס על אגדת הילדה הסינית מולאן שלוקחת את מקומה של אביה הלוחם בצבא, ובכך מצילה את משפחתה ואת ארצה. במהלך מסעה, היא מתמודדת עם אתגרים רבים ולומדת על אומץ, נאמנות ועוצמה פנימית."
הדרקון הראשון שלי,הדרקון הראשון שלי 1,https://drive.google.com/file/d/12upsdKcDnq72dwxDXdZKyH-EJNYjjH2t/view?usp=drivesdk,How to Train Your Dragon,2010,"הרפתקאות, אנימציה, פנטזיה",98,"על רקע עולם ויקינגי, נער צעיר בשם היט חושש מהלחימה בדרקונים אך מחליט לאמן דרקון פצוע כחבר בלתי צפוי. הקשר ביניהם משנה את ההסתכלות של אנשי הכפר על הדרקונים ומוביל לשינוי גדול בקהילה."
הדרקון הראשון שלי,הדרקון הראשון שלי 2,https://drive.google.com/file/d/1TAfbE6QVun2jmbHAOG5nNpNlFw-At2ed,How to Train Your Dragon 2,2014,"אנימציה, הרפתקאות, פנטזיה",102,"שנתיים לאחר אירועי הסרט הראשון, היקום של איקריק מתרחב כשהוא מגלה דרקונים חדשים ועולמות חדשים. בזמן שהוא מנסה להגן על שלוותו ועל מורשתו כסוס הדרקונים, מתעוררת איום חדש שמאיים על כל מה שהוא אוהב."
הדרקון הראשון שלי,הדרקון הראשון שלי 3,https://drive.google.com/file/d/1Gx5o5rWdUxx64BFBRZKhZqfdRgOQ9D4G,How to Train Your Dragon: The Hidden World,2019,"אנימציה, הרפתקאות, פנטזיה",104,"היקאפ ואושר נהנים מהשלום באי שלהם כשהם מגלים מקום מסתור קסום של דרקונים. כאשר סכנה חדשה מאיימת על העולם שלהם, היקאפ חייב למצוא דרך להגן על האהובים עליו ולפתח את הקשר בין בני האדם לדרקונים."
הדרקון הראשון שלי,הדרקון הראשון שלי,https://drive.google.com/file/d/1QyTgsRskPYSoXpmkRuAWeqc00yDGZ4jo/view?usp=drivesdk,Pete's Dragon,2016,"פנטזיה, הרפתקאות, משפחה",103,"סיפורו של ילד יתום בשם פיט שגדל ביער עם הדרקון הידידותי שלו, אליאוט. יחד הם מתמודדים עם סכנות ועם ניסיון למצוא בית חדש ואהבה אמיתית."
קראטה קיד,קראטה קיד 1 1982 ↙️,https://drive.google.com/file/d/1fHwZohhyGsvdbGUFhXcGDr-qTTTi4v1o/view?usp=drivesdk,The Karate Kid,1984,"פשע, דרמה, משפחה",126,"נער בשם דניאל מיוז מתמודד עם בריונות בבית הספר ומוצא מורה ומנטור לא שגרתי באומנויות הלחימה שיעזור לו להתגבר על האתגרים. במהלך האימונים, הוא לומד לא רק לקראטה אלא גם ערכים של כבוד והתמדה. לקראת תחרות הקראטה החשובה, דניאל מתמודד עם היריב הכי קשה שלו."
קראטה קיד,קראטה קיד 2 1986 ↙️,https://drive.google.com/file/d/1l2EhZKatdKOg4awy06MaIklyO4tsmUc0/view?usp=drivesdk,The Karate Kid Part II,1986,"דרמה, אקשן, ספורט",113,"דניאל וסנסיי מיאגי נוסעים ליפן כדי לעזור למשפחה של מיאגי בזמן משבר. במהלך שהותם, דניאל מתמודד עם אויב חדש ולומד שיעורים חשובים על כבוד, אומץ וחברות."
קראטה קיד,קראטה קיד 3 1989 ↙️,https://drive.google.com/file/d/1WI7iTFkFOuKQAMBbSsQ4wne7_dP5jYcW/view?usp=drivesdk,The Karate Kid Part III,1989,"דרמה, אקשן, ספורט",111,"דניאל לארסון ופוג'י מאסטר נשארים יחד אחרי אירועים קודמים, אך אויב ותיק עולה על מפתן ביתם כשהוא מבקש נקמה. דניאל מתמודד עם ניסיונות להלהיב אותו מהדרך שלו, וצריך למצוא את הכוח הפנימי להתגבר על האתגרים החדשים."
קראטה קיד,קראטה קיד 4 1994 ↙️,https://drive.google.com/file/d/1Fr6dzO2Efgky_6wbvMI5bxjETSANNnY9/view?usp=drivesdk,The Next Karate Kid,1994,"דרמה, אקשן",111,"הסרט עוקב אחרי דניאל לסטריין והאמן הקראטה מיסטר מיאגי כשהם מלמדים נערה בשם ג'ולי קונור להתמודד עם קשיים אישיים באמצעות אומנות הלחימה קראטה. ג'ולי מתמודדת עם בריונות וקשיים בבית הספר, ומסורת הקראטה עוזרת לה למצוא כוח פנימי ושקט נפשי."
קראטה קיד,קראטה קיד 5 2010 ↙️,https://drive.google.com/file/d/1XZmY2lOkeKOvyFnN9gs8_G141j_ht9k_/view?usp=drivesdk,The Karate Kid,2010,"אגעולה, דרמה, משפחה",140,"נער בשם דרו מגיע לסין עם אמו ומתחיל ללמוד קראטה כדי להגן על עצמו מפני בוזקים בבית הספר. בעזרת מאמנו החכם, הוא לומד לא רק את טכניקות הלחימה אלא גם ערכים של כבוד, משמעת ועצמאות. בסופו של דבר, דרו משתתף בטורניר הקראטה המרכזי כדי להוכיח את עצמו."
מלחמת הכוכבים,מלחמת הכוכבים 1: אימת הפנטום,https://drive.google.com/file/d/1fDGorLeWhv52EB6xuNNWYc0F4h6iW_Zn/view?usp=drivesdk,Star Wars: Episode I – The Phantom Menace,1999,"מדע בדיוני, פנטזיה, פעולה",136,"הסרט עוקב אחרי אבירי הג'דיי קנו ג'ין ואובי-ואן קנובי שנשלחים להציל את מלכת נאבודיה ולחשוף קונספירציה שמאיימת על הגלקסיה. במהלך המסע הם פוגשים בילד טאלון בשם אנאקין סקייווקר, שלוקח חלק מרכזי במאבק בין הכוחות הטובים לרעים."
מלחמת הכוכבים,מלחמת הכוכבים 2: מתקפת המשובטים,https://drive.google.com/file/d/1r6N7pL27cwhVyPbFOREfNPcfMQd-R0CE/view?usp=drivesdk,Star Wars: Episode II – Attack of the Clones,2002,"מדע בדיוני, הרפתקאות, פעולה",142,"בהמשך לגלקסיה רחוקה, אני מתקדם עם התדרדרות המרד של הסנאט והאיום של הקלונאים של דייזי. ג'דיי אובי וואן קנובי ואנאקין סקייווקר מחפשים את האמת מאחורי מסתורין שמסכן את הגלקסיה."
מלחמת הכוכבים,מלחמת הכוכבים 3: נקמת הסית’,https://drive.google.com/file/d/181Fp1HcE1PAn0ZCH0ZsVxXUAxHeVaIwn/view?usp=drivesdk,Star Wars: Episode III – Revenge of the Sith,2005,"מדע בדיוני, פעולה, פנטזיה",140,"הסרט מתאר את האירועים שמבשרים את סוף הרפובליקה הגלקטית ועליית אימפריית הגלקסיה. אנאקין סקייווקר נמשך לצד האפל ונהפך ללורד סית׳ דארת׳ ויידר, בזמן שחבריו לג'דיי נאבקים להציל את הגלקסיה מהשמדות impending."
מלחמת הכוכבים,מלחמת הכוכבים 4: תקווה חדשה,https://drive.google.com/open?id=1B4E5TFUZZNgktzunipsdnT-AhQIB9BKv,מלחמת הכוכבים 4: תקווה חדשה,N/A,N/A,N/A,N/A
מלחמת הכוכבים,מלחמת הכוכבים 5: האימפריה מכה שנית,https://drive.google.com/file/d/1B34-bdRUxKDsovwPPYMCzPdyl0yMJ-O4/view?usp=drivesdk,מלחמת הכוכבים 5: האימפריה מכה שנית,N/A,N/A,N/A,N/A
מלחמת הכוכבים,מלחמת הכוכבים 6: שובו של הג’דיי,https://drive.google.com/file/d/1r9D91yWs1b2DxOOvww2qS3WE6ejPk1zD/view?usp=drivesdk,מלחמת הכוכבים 6: שובו של הג’דיי,N/A,N/A,N/A,N/A
מלחמת הכוכבים,מלחמת הכוכבים 7: הכוח מתעורר,https://drive.google.com/file/d/13iIc7zyvWV4fTbglf3cPzxpnEsoSbIpg/view?usp=drivesdk,מלחמת הכוכבים 7: הכוח מתעורר,N/A,N/A,N/A,N/A
מלחמת הכוכבים,מלחמת הכוכבים 8: אחרוני הג’דיי,https://drive.google.com/file/d/15ldh2-3S47Vd9ML09XZiVnPNa4993o_Z/view?usp=drivesdk,מלחמת הכוכבים 8: אחרוני הג’דיי,N/A,N/A,N/A,N/A
מלחמת הכוכבים,מלחמת הכוכבים 9: עלייתו של סקייווקר,https://drive.google.com/file/d/140j8-AD_Q40O29o00uAyHHsgd7zZFzY5/view?usp=drivesdk,מלחמת הכוכבים 9: עלייתו של סקייווקר,N/A,N/A,N/A,N/A
רובוטריקים,רובוטריקים 1,https://drive.google.com/file/d/1oj2puwyzYMuKUFwi_b0mBASiar7tQ42I/view,Transformers,2007,"מדע בדיוני, פעולה, הרפתקאות",144,"סיפור על מלחמה בין שתי גזעים של רובוטים חייזריים, האוטובוטים והדיספטיקונים, שנוחתים על כדור הארץ ומובילים למאבק אסטרטגי ומסוכן. צעיר נבחר לשתף פעולה עם האוטובוטים כדי להציל את העולם מהשמדה. הסרט מלא באפקטים מיוחדים קרבות מרהיבים והרפתקאות מותחות."
רובוטריקים,רובוטריקים 2,https://drive.google.com/file/d/1w8yJJtOZAv3a2atKWftM_kQ3RCjDyuMQ/view,Transformers: Revenge of the Fallen,2009,"מדע בדיוני, פעולה",150,"הסרט ממשיך את סיפורם של רובוטריקים הקרביים, כשהם מתמודדים עם איום חדש ומסוכן מהעבר. צוות הגיבורים חייב לאחד כוחות כדי למנוע השמדת כוכב הלכת. הסרט משלב אפקטים מרהיבים עם עלילה מותחת."
רובוטריקים,רובוטריקים 3,https://drive.google.com/file/d/1mmgPkTuWqGUg1AL51GO4nFpws1tIGp7N/view,Transformers: Dark of the Moon,2011,"מדע בדיוני, פעולה",154,"בפרק השלישי בסדרת 'רובוטריקים', האנושות מתמודדת עם סכנה גדולה כשהרובוטריקים מגלים סוד מסעיר על הירח שיכול לשנות את מהלך המלחמה בינם לבין הדספטיקונים. הסיפור ממלא באקשן ומותח כאשר הגיבורים נאבקים להציל את כדור הארץ מהשמדה."
רובוטריקים,רובוטריקים 4,https://drive.google.com/file/d/1U4JtztixsIdFJhHNg61mUrCKkdwCc_Tk/view,Transformers: Age of Extinction,2014,"פעולה, מדע בדיוני, הרפתקאות",165,"לאחר אירועים דרמטיים בסרטים הקודמים, רובוטריקים נאלצים להסתתר מפני ממשלת ארה""ב שהפכה אותם לאויבים. עולם חדש של סכנות ומרגלים מתגלה כשהגיבור החדש יוצא למאבק להצלת האנושות והרובוטריקים יחדיו."
רובוטריקים,רובוטריקים 5,https://drive.google.com/file/d/1dLEpBk5FNbgOuVy8zgtXEny_dVGjo0GA/view,Transformers: The Last Knight,2017,"מדע בדיוני, פעולה",154,"במהלך הקרב בין האוטובוטים לדיקטיבטורים, אדם ומכונה משתפים פעולה כדי לחשוף את המסתורין שמאחורי ההיסטוריה של רובוטריקים על פני כדור הארץ. הסרט משלב סצנות פעולה מרהיבות עם עלילה שמתארת את הקשר בין רובוטריקים לאנושות לאורך הדורות."
תור,תור 1,https://drive.google.com/file/d/1k0HIp1C-yxKZdfg2QyHoOXnGd6zb0st7/view?usp=drivesdk,Thor,2011,"פעולה, פנטזיה, מדע בדיוני",115,"תור, אל הברק, מגונה להשלח מכהונתו בעולם האלים ולמועצה האנושית. בכדור הארץ הוא לומד לצנוח מעוצמתו וליהפך לגיבור אמיתי כדי להציל את עולמו מהרס."
תור,תור 2: העולם האפל,https://drive.google.com/file/d/1W_NzsKw2ZtIrWNKtCuhqy58K0ejcM85v/view?usp=drivesdk,Thor: The Dark World,2013,"פעולה, הרפתקאות, פנטזיה",112,"תור מתמודד עם איום חדש כאשר יצורים אפלים הנקראים דאלר הופכים לאיומים על העולם. יחד עם ג'יין פוסטר, הוא נלחם להציל את תשעת העולמות מחרבן. הסרט משלב קרבות אפיים ועולמות מיתולוגיים."
תור,תור 3: ראגנארוק,https://drive.google.com/file/d/1lD-nPzQltMoFaW7HtLT6Wb961X7Ss1Ot/view?usp=drivesdk,Thor: Ragnarok,2017,"מדע בדיוני, פעולה, הרפתקאות",130,תור מוצא את עצמו כלוא מחוץ לאסגרד וללא כוחו. הוא חייב להשתתף בקרב גלדיאטורי על כוכב רחוק כדי לעצור את ראגנארוק – חורבן אסגרד – ולהציל את עמו מפני איום נוראי.
תור,תור,https://drive.google.com/file/d/1-pjolz9nk3P1bDXNhBxi-dwwB3oHtRt2/view?usp=drivesdk,Thor,2011,"פעולה, פנטזיה, מדע בדיוני",115,"תור, אל הרעם, מוגלה על ידי אביו האודין לכדור הארץ כהשלכה לאחר שהמעשה הפזיז שלו מאיים על הממלכה שלו. במהלך שהותו על פני כדור הארץ, הוא לומד מהי ענווה ונאבק כדי למנוע מלחמה בין העולמות."
המטרה,Qbzn - המטרה 1 • הבית הלבן_2013.mp4,https://drive.google.com/file/d/1-XiJr0MUkGne1lPtrYWJ-nmMmfrymOL3/view,Olympus Has Fallen,2013,"פעולה, מתח, אקשן",119,"כשטרוריסטים תופסים את הבית הלבן ומחטפים את הנשיא, שומר ראש לשעבר יוצא להציל אותו. הסרט מציג מתח גבוה ופעולות אדרנלין להצלת המצב והחזרת הביטחון לבית הלבן."
המטרה,Qbzn - המטרה 2 • לונדון_2016.mp4,https://drive.google.com/file/d/1zLi6Kp4bC_-tMfvlCcgPbkeJh3scv7Dl/view,Target 2: London,2016,"פעולה, מותחן",95,"סרט פעולה מותח המתאר משימה מסוכנת של צוות מומחים בלונדון, שמטרתם לעצור ניסיון חטיפה בינלאומי. העלילה מתנהלת במהרה ומלאה במרדפים, יריות ומתח גבוה עד לסיום דרמטי."
המטרה,Qbzn - המטרה 3 • שומר הראש_2019.mp4,https://drive.google.com/file/d/18azV4jItstCubFrIrwCitouXxSwuPLhE/view,The Target 3: Bodyguard,2019,"פעולה, מתח",90,סרט פעולה ודרמה המתמקד בשומר ראש מקצועי שמקבל על עצמו להגן על דמות חשובה הנמצאת בסכנת חיים. במהלך המשימה הוא מתמודד עם איומים בלתי צפויים ונאלץ להשתמש בכישוריו כדי לשרוד ולהשלים את המשימה. הסרט משלב סצנות אקשן מותחות ופיתולים בעלילה.
מפלצת של מלון,מפלצת של מלון 1,https://drive.google.com/file/d/1i3FSSN-vkfPmK7Z8cbbZ7mjvcklESuzQ/view?usp=drivesdk,מפלצת של מלון 1,N/A,N/A,N/A,N/A
מפלצת של מלון,מפלצת של מלון 2,https://drive.google.com/file/d/18eDi2dlsCrIyGZafs29nKTkPvWqfKmcd/view?usp=drivesdk,מפלצת של מלון 2,N/A,N/A,N/A,N/A
מפלצת של מלון,מפלצת של מלון 3,https://drive.google.com/file/d/1ck_t4vrsQyGchGabEcCDQna3qkxjZtQv/view?usp=drivesdk,מפלצת של מלון 3,N/A,N/A,N/A,N/A
מפלצת של מלון,מפלצת של מלון 4,https://drive.google.com/file/d/1K62w3kv27lKrZXc7lJdvweAH0Qbj4uvP/view?usp=drivesdk,מפלצת של מלון 4,N/A,N/A,N/A,N/A
סמי הכבאי,סמי הכבאי‎,https://drive.google.com/file/d/10f3FduL9DIU2_vlpsLfRR9mttdCjuPY2/view,סמי הכבאי‎,N/A,N/A,N/A,N/A
סמי הכבאי,סמי הכבאי - אבודים במערות סרטים וסדרות בדרייב אילת השחר.MP4,https://drive.google.com/file/d/11QDTmxh46Go_2XUi7PiLisB6noQRi5Yw/view,סמי הכבאי - אבודים במערות סרטים וסדרות בדרייב אילת השחר.MP4,N/A,N/A,N/A,N/A
סמי הכבאי,סמי הכבאי - אהבה בוערת סרטים וסדרות בדרייב אילת השחר.avi,https://drive.google.com/file/d/113c2WksDMY0_RusScFB2IMgXARlG6FDc/view,סמי הכבאי - אהבה בוערת סרטים וסדרות בדרייב אילת השחר.avi,N/A,N/A,N/A,N/A
סמי הכבאי,סמי הכבאי - דב נצרים סרטים וסדרות בדרייב אילת השחר.MP4,https://drive.google.com/file/d/10o5wWyb_nQGHTA5-3o5uQPLxxao7CUv_/view,Fireman Sam,1987,"אנימציה, הרפתקאות, משפחה",30,"סמי הכבאי הוא סדרת אנימציה שמתרכזת בכבאי סמי בעיירה קטנה וולדהאם. בכל פרק, סמי וחבריו מתמודדים עם מצבים מסוכנים ודוחקים להציל את התושבים באומץ ובחכמה. הסדרה מדגישה ערכים של עזרה הדדית ואחריות."
סמי הכבאי,סמי הכבאי - דרך ללא מוצא סרטים וסדרות בדרייב אילת השחר.MP4,https://drive.google.com/file/d/110LTIvwWWida8eUSqtv815aqj85lqrm1/view,Fireman Sam: Through Thick and Thin,2009,"אנימציה, הרפתקאות, ילדים",60,סמי הכבאי וצוותו עומדים בפני אתגרים לא צפויים בעיר פונטי פולי. הם משתמשים בכל כישורי הכיבוי והעזרה שלהם כדי להגן על התושבים ולהתמודד עם מצבי חירום מסוכנים. הסרט משלב הרפתקאות עם מסרים על עבודת צוות ואומץ לב.
סמי הכבאי,סמי הכבאי - האקשן מתחיל סרטים וסדרות בדרייב אילת השחר.mp4,https://drive.google.com/file/d/10lExBu5WDiB_JneVsMAourFWtuv4Dfr2/view,Fireman Sam: Action Stations,2017,"אנימציה, הרפתקאות, משפחה",60,סמי הכבאי וצוותו מתמודדים עם שלל הרפתקאות מרגשות כאשר בעיר פן טאון מתרחשים תקלות שונות שדורשות תגובה מהירה ואמיצה. יחד הם לומדים על חשיבות העבודה הצוותית והאחריות כלפי הקהילה.
סמי הכבאי,סמי הכבאי - הארנב טומי סרטים וסדרות בדרייב אילת השחר.MP4,https://drive.google.com/file/d/10sicOZHWYbvwQtGEL-jI_lyfq6baCKD7/view,Fireman Sam: Tommy the Rabbit,2005,"אנימציה, ילדים, הרפתקאות",60,"סמי הכבאי וצוותו מתמודדים עם הרפתקאות כדי להציל את ארנב בשם טומי. העלילה מתמקדת בערכים של עבודה צוותית, אומץ והכרת תודה. הסרט מתאים לילדים ומשלב הומור ולימוד."
סמי הכבאי,סמי הכבאי - הגיבור החדש סרטים וסדרות בדרייב אילת השחר.MP4,https://drive.google.com/file/d/11bG3hVJWhwLqil5Y1pXLDQaFBidumPZL/view,Fireman Sam: The New Hero,2017,"פעולה, הרפתקאות, ילדים",60,"סמי הכבאי חוזר להרפתקה חדשה בכפר פונטיבייל, שם הוא ניצב בפני אתגרים חדשים תוך כדי הצלת התושבים מפני שריפות ותקלות שונות. יחד עם חבריו, סמי מציג אומץ, עבודת צוות וערכים חשובים של עזרה הדדית ואחריות."
סמי הכבאי,סמי הכבאי - הטיל של מייק סרטים וסדרות בדרייב אילת השחר.avi,https://drive.google.com/file/d/112DfLpJNgtVx4gfCkfVyHyxYToZThkhC/view,Fireman Sam: Mike's Rocket,2002,"אנימציה, ילדים, קומדיה",45,"בסרט זה של סמי הכבאי, סמי וחבריו בעיירה פונטי פלייד יוצאים להציל את המצב כאשר טיל של מייק מאבד שליטה ומאיים לגרום נזק. לצד הרפתקאות מצחיקות והרבה לימודים על עבודת צוות, הם מצליחים להתמודד עם האתגר ולהחזיר את השקט לעיירה."
סמי הכבאי,סמי הכבאי - הנסיך בפונטי פנדי סרטים וסדרות בדרייב אילת השחר.mp4,https://drive.google.com/file/d/10hT5ieBlxuw93ycM5M-NDlKefKtc_7Qd/view,Fireman Sam: The Prince of Pontypandy,2004,"אנימציה, הרפתקאות, ילדים",58,"סמי הכבאי ועמיתיו בעיירה פונטי פנדי מתמודדים עם מקרה חירום מיוחד כאשר נסיך מביקור מגיע לעיירה. במהלך ההרפתקה, סמי לומד על חשיבות העבודה הצוותית ואומץ הלב כדי להציל את היום."
סמי הכבאי,סמי הכבאי - חזיר הים סרטים וסדרות בדרייב אילת השחר.mp4,https://drive.google.com/file/d/115A7fgfkm-yZKPJQzLIfVAkW-QvuBqdI/view,Fireman Sam: Sea Pig Adventures,2007,"אנימציה, הרפתקאות, קומדיה",60,סמי הכבאי וצוותו מתמודדים עם הרפתקאות חדשות בעיר פונטי פולי כאשר חזיר הים מקומי נקלע לצרה. הם מגלים את החשיבות של עבודת צוות ועזרה לזולת תוך כדי הצלת החיה הימית המיוחדת הזו.
סמי הכבאי,סמי הכבאי - חתור סרטים וסדרות בדרייב אילת השחר.MP4,https://drive.google.com/file/d/11HL1Ej3d95IHMPTPDNtBkpxIcTyI-tYm/view,Fireman Sam,1987,"אנימציה, הרפתקאות, ילדים",30,"סמי הכבאי הוא סדרת ילדים אנימציה העוקבת אחרי סמי, כבאי מסור וכישרוני בכפר פונטיין. כל פרק מציג הרפתקאות שונות שבהן סמי וחבריו מתמודדים עם מצבי חירום ומשמרים על בטיחות התושבים."
סמי הכבאי,סמי הכבאי - יומנו של פנגווין סרטים וסדרות בדרייב אילת השחר.MP4,https://drive.google.com/file/d/10j5RGwpH2Dj_1xlRtfrXhi8qj6bePiqs/view,Fireman Sam: Pingu's Diary,2018,"אנימציה, הרפתקאות, משפחה",60,"סמי הכבאי וחבריו בעיירה פונטיונים מתמודדים עם הרפתקאות שונות, כאשר פינגווין פנגווין נעזר ביומנו כדי לתעד את האירועים. יחד הם לומדים על חשיבות העבודה בצוות ועל פתרון בעיות באומץ ובחברות."
סמי הכבאי,סמי הכבאי - כלב הצלה סרטים וסדרות בדרייב אילת השחר.MP4,https://drive.google.com/file/d/11dxD6YCvnzLi8N-yzxbnDUrYNZLGjOI1/view,Fireman Sam: Rescue Dog,2021,"אנימציה, הרפתקאות, משפחה",60,"סמי הכבאי וצוותו מתמודדים עם משימות הצלה מורכבות כשהם מצילים כלב טרייר אמיץ שנמצא בסכנה. הסרט מציג הרפתקאות מרגשות, עבודת צוות והחשיבות של עזרה הדדית בקהילה."
סמי הכבאי,סמי הכבאי - ללא מוצא סרטים וסדרות בדרייב אילת השחר.MP4,https://drive.google.com/file/d/10rxwj03Wx71MHT9LpDPqNUzbBpIYO1cN/view,Fireman Sam,1987,"אנימציה, ילדים, הרפתקאות",30,"סמי הכבאי הוא סדרת אנימציה לילדים המתארת את הרפתקאותיו של סמי, כבאי אמיץ שמגן על תושבי העיירה פונטיפרייד. הסדרה מלמדת על ערכים של עזרה הדדית, אומץ וזהירות במצבי חירום."
סמי הכבאי,סמי הכבאי - עפיפון סרטים וסדרות בדרייב אילת השחר.MP4,https://drive.google.com/file/d/11QpGwjB8KbGb_CMcM2vX7xPsjmOeyUYn/view,Fireman Sam,1987,"אנימציה, משפחה, הרפתקאות",22,"סמי הכבאי הוא סדרת אנימציה מוקפדת העוקבת אחרי סמי והצוות שלו בכפר פונטי פיור, כשהם מתמודדים עם מצבי חירום שונים. הסדרה מציגה ערכים של עזרה הדדית, עבודה צוות ואומץ. כל פרק חינוכי ומרתק לילדים."
סמי הכבאי,סמי הכבאי - קרב ימי הולדת סרטים וסדרות בדרייב אילת השחר.MP4,https://drive.google.com/file/d/11-t8IMQBKdX8RCK1NJ7d2ekMxxDDKh5_/view,סמי הכבאי - קרב ימי הולדת סרטים וסדרות בדרייב אילת השחר.MP4,N/A,N/A,N/A,N/A
סמי הכבאי,סמי הכבאי - תפוס את החרק סרטים וסדרות בדרייב אילת השחר.mp4,https://drive.google.com/file/d/11GGIYi75dQnpklrTgm7LlZUL_xxTSMbq/view,סמי הכבאי - תפוס את החרק סרטים וסדרות בדרייב אילת השחר.mp4,N/A,N/A,N/A,N/A
סמי הכבאי,סמי הכבאי - תקועים בבוץ סרטים וסדרות בדרייב אילת השחר.mp4,https://drive.google.com/file/d/1198HZwZENGxwM5KjVjMKTM8lfURDmPw6/view,סמי הכבאי - תקועים בבוץ סרטים וסדרות בדרייב אילת השחר.mp4,N/A,N/A,N/A,N/A
לזמן את הרוע,לזמן את הרוע 1,https://drive.google.com/file/d/1TLYgYhQWUzsbcDkeNhPL70Fk3w_R0G_L/view?usp=drivesdk,לזמן את הרוע 1,N/A,N/A,N/A,N/A
לזמן את הרוע,לזמן את הרוע 2,https://drive.google.com/file/d/1rlH5HIdwyixAn-57RBL-dc3jk0LgAeXR/view?usp=drivesdk,לזמן את הרוע 2,N/A,N/A,N/A,N/A
לזמן את הרוע,לזמן את הרוע 3,https://drive.google.com/file/d/1xtPY1g9AD2YO-y8ODhrj6t4nrho8IQSb/view?usp=drivesdk,לזמן את הרוע 3,N/A,N/A,N/A,N/A
האלווין,האלווין 1,https://drive.google.com/file/d/1Csz_9SbPCMs5JZzxMYwk1JPcu9afpMxE/view?usp=drivesdk,האלווין 1,N/A,N/A,N/A,N/A
האלווין,האלווין 2 - הנקמה,https://drive.google.com/file/d/1y2EcKJg8LLVMIjb9DVMdzfyO3igFON6o/view?usp=drivesdk,Halloween II,1981,"אימה, מתח",92,"הסרט ממשיך אחר האירועים של האלווין המקורי, כאשר מייקל מאיירס ממשיך לרדוף ולטרוף את לורי סטרוד בבית החולים. במאבק הישרדות נואש, לורי מתמודדת עם מייקל ונחשפת לעובדות מטרידות על העבר שלו."
האלווין,האלווין 3 - הסוף,https://drive.google.com/file/d/1tT7R1vLqk4ZemC4mRo8nr7k_lU8Wpqag/view?usp=drivesdk,Halloween III: Season of the Witch,1982,"אימה, מותחן",100,"בסרט זה, העלילה מתמקדת במפעל לייצור מסכות ליל כל הקדושים שמסתיר מזימה אפלה להרעיל את הילדים באמצעות מסכות מיוחדות. הסרט שונה מסרטי 'האלווין' הקודמים בכך שאינו כולל את הדמות מייקל מאיירס, ומציג סיפור עצמאי חדש בעל אופי מסתורי ומפחיד."
המסור,מסור‎,https://drive.google.com/file/d/1oFVpKmgvUReOJy1lOXnWBdO5hNX9iytF/view,Saw,2004,"אימה, מותחן",103,"שני גברים מתעוררים לכודים בחדר קטן עם כלי עבודה מפחידים. הם צריכים לשחק במשחק מאיים על חייהם כדי לשרוד ולהבין מי עומד מאחורי הכל. הסרט משלב מסתורין, אימה ומתח פסיכולוגי."
המסור,המסור 2 2005 מתורגם לעברית.mkv,https://drive.google.com/file/d/1tnNMflpti3KjMVKEiRZerjXH2N3XII9V/view,Saw II,2005,"אימה, מתח",93,"קבוצה של אנשים מוצאת את עצמה כלואה במצב מסוכן בתוך בית מלא במלכודות קטלניות, כאשר הם חייבים לשתף פעולה כדי לשרוד. החקירה מתמקדת ברוצח בעל זהות מסתורית שמנסה ללמד את קורבנותיו שיעורים קשים בחיים."
המסור,המסור 4 2007 מתורגם לעברית.mkv,https://drive.google.com/file/d/1qfQWy4fFdYem55EWIFByS-ZyqIEqQujC/view,Saw IV,2007,"אימה, מתח",92,"הסרט ממשיך את סיפורה של דמותו של ג'ון קרמר, המכונה המסור, ומציג את האירועים שמתרחשים לאחר מותו, כאשר חקירה חדשה חושפת משחק קטלני נוסף של רמות מוות קטלניות. קבוצת אנשים נלכדים במבחנים קשים שעליהם לשרוד כדי לחשוף את האמת מאחורי הסדרה."
המסור,המסור 7 2010 מתורגם לעברית.mkv,https://drive.google.com/file/d/10KvJtuHrxn5aAAEc1zR1cm0wsp7pUZ7T/view,Saw 3D,2010,"אימה, מתח, סרט אימה פסיכולוגי",90,"חבורת אנשים מוצאים עצמם כלואים במשחקים מחרידים שמטרתם לחשוף את הצדדים האפלים והסודות הכמוסים שלהם. הסרט ממשיך את סיפורו של ה'ג'יגסו', רוצח סדרתי היוצר מלכודות קטלניות כדי ללמד שיעור על החיים והמוות. העלילה משולבת במתחים פסיכולוגיים, הפתעות ואלימות עוצמתית."
המסור,המסור 8 2017 מתורגם לעברית.mkv,https://drive.google.com/file/d/1xjorWkpMR2d4ice_omRKsuPiD-gk5C4X/view,Jigsaw,2017,"אימה, מותחן",92,סדרה של פשעים מסתוריים מובילה את החוקרים לתעלומה חדשה הקשורה לכללי המשחק המרושעים של ג'יגסו. קבוצת אנשים מתעוררת במכלאות קטלניות ונאלצת לעבור מבחנים אכזריים כדי לשרוד. הסיפור חושף את הטרגדיות והרמזים מאחורי מורשתו של הרוצח הסדרתי.
המסור,08.mp4,https://drive.google.com/file/d/1VO9lLByRdffUkQ-ABDJzrfgRKqhJln6Z/view,08,2023,דרמה,90,"הסרט מתמקד ביום אחד בחיי דמויות שונות, שכל אחת מהן מתמודדת עם אתגרים אישיים ומקצועיים. על רקע עיר גדושה ודינמית, מתגלה הקשר העדין בין האנשים והאירועים שמעצבים את גורלם."
המסור,16.mkv,https://drive.google.com/file/d/1wQnCLnMFtla8GZkSO8W6bYLqz03SZKPM/view,16,2003,"דרמה, רומנטיקה",94,"הסרט עוקב אחר מורגן, נערה בת 16 המתמודדת עם קשיים אישיים ומשפחתיים בפרברים האמריקאים. הסרט מתאר את החוויות וההתבגרות שלה במהלך תקופה מורכבת של החיים כשהיא מנסה למצוא את עצמה ואת מקומה בעולם."
המסור,המסור 1 2004 מתורגם לעברית.mkv,https://drive.google.com/file/d/1DwSBIraJvZn19xJ3Ij22GBawSd6v_ans/view,Saw,2004,"אימה, מתח",103,שני גברים מתעוררים כלואים בחדר מדרון ומובלים למשחק אכזרי שבו הם חייבים לגלות סיבה לחיותם דרך מבחנים אפלים. הסרט חושף את המניע המסתורי מאחורי הכלוב הסדיסטי ואת הרצון לשרוד בכל מחיר.
המסור,המסור 3 2006 מתורגם לעברית.mkv,https://drive.google.com/file/d/1JIYwarwG88zIKukt8klazspbAGZesmPZ/view,Saw III,2006,"אימה, מתח",108,"בחלק השלישי בסדרת המסור, דוקטור לינדזי דוברס מתמודדת עם סדרת מבחנים אכזריים שמטרתם להציל את חייה ולמצוא את האמת מאחורי סדרת ההמתות המוזרות. זהו משחק קצוות שבו הזמן מוקצב וכל החלטה יכולה להיות גורלית."
המסור,המסור 5 מתורגם לעברית.mkv,https://drive.google.com/file/d/1vVmZEYtWrmr48Br72xbQ0SD3u1Krirb4/view,Saw V,2008,"אימה, מתח",92,"חמישי בסדרת 'המסור', שבו חוקרת משרד הפנים אפריל מתמודדת עם משחקי המוות של ג'ון קראמר לאחר מותו, בעוד דמויות נוספות נלכדות במלכודות קטלניות שמטרתן ללמד אותם שיעור נורא. הסרט ממשיך את המסורת של מתח מתוח וחידות מורכבות."
המסור,המסור 6 מתורגם לעברית.mkv,https://drive.google.com/file/d/139RNGyg1_XF55b3EkLtssiZ8miyFZ0Nu/view,המסור 6 מתורגם לעברית.mkv,N/A,N/A,N/A,N/A
המסור,המסור 9 המעגל נסגר מתורגם לעברית.mkv,https://drive.google.com/file/d/1L8UHAM5hV5K29_KWK1cHhLSUI2Jbkj4q/view,המסור 9 המעגל נסגר מתורגם לעברית.mkv,N/A,N/A,N/A,N/A
המסור,המסור 10 מתורגם לעברית.mp4,https://drive.google.com/file/d/1qQRx127MgdITaw0aGSGpqyt49g9U0JBY/view,המסור 10 מתורגם לעברית.mp4,N/A,N/A,N/A,N/A
ג'ון וויק,"הועלה לדרייב ע""י Qbzn ג'ון וויק‎",https://drive.google.com/file/d/1U-WYVGEYyMv9zzWWUUCti7-tsnO3gx4D/view,"הועלה לדרייב ע""י Qbzn ג'ון וויק‎",N/A,N/A,N/A,N/A
ג'ון וויק,"ג'ו וויק 3 הועלה לדרייב ע""י Qbzn",https://drive.google.com/file/d/1lWoANz5zCmfGjC5qm_9a6WvXlf1MsSK_/view,"ג'ו וויק 3 הועלה לדרייב ע""י Qbzn",N/A,N/A,N/A,N/A
ג'ון וויק,"ג'ון וויק 1 הועלה לדרייב ע""י Qbzn",https://drive.google.com/file/d/1pt6QgxqeHEMdVgAQo6bghKpHvacHpSIW/view,"ג'ון וויק 1 הועלה לדרייב ע""י Qbzn",N/A,N/A,N/A,N/A
ג'ון וויק,"ג'ון וויק 2 הועלה לדרייב ע""י Qbzn",https://drive.google.com/file/d/1-mLvXoexTITZr7Tf-lCkCIGScDztCXyi/view,"ג'ון וויק 2 הועלה לדרייב ע""י Qbzn",N/A,N/A,N/A,N/A
ג'ון וויק,"ג'ון וויק 4 הועלה לדרייב ע""י Qbzn",https://drive.google.com/file/d/1CdEam4D5seiBL1pVbPTDRu_kieVrO2t9/view,"ג'ון וויק 4 הועלה לדרייב ע""י Qbzn",N/A,N/A,N/A,N/A
ג'ון וויק,ג'ון וויק,https://drive.google.com/file/d/1KGQJA9EJLNnHwN0tbnZKPwmXHpL_Pcb4/view?usp=drivesdk,John Wick,2014,"אקשן, דרמה, פשע",101,"ג'ון וויק הוא מאלף כלבים לשעבר שהופך שוב לרוצח שכיר לאחר שרוצחים את כלבו הנאמן ומתעללים בו. הוא יוצא לנקמה כנגד הארגון הפשע שהרס את חייו, במסגרת עולם תת-קרקעי של רוצחים שכירים. הסרט מציג סצנות אקשן מרשימות וסיפור על אובדן ונקמה."
מכוניות,"מכוניות_מדובב: 1 - 3 הועלה ע""י Qbzn לדרייב‎",https://drive.google.com/file/d/1-157wC55D1Xi-tx8LqL9JMt48cj-bx06/view,Cars (Dubbed: 1 - 3),"2006, 2011, 2017","אנימציה, הרפתקאות, קומדיה","107, 112, 102","סדרת הסרטים 'מכוניות' עוקבת אחר קארסון מקרקוויץ', מרוץ מכוניות שמגלה את חשיבות החברות והערכים האישיים מעבר לניצחון במסלולים. בכל אחד מהחלקים הוא מתמודד עם אתגרים חדשים, לומד שיעורים חשובים ומחזק קשרים עם דמויות שונות מסביב לעולם."
מכוניות,"מכוניות 1 מדובב הועלה ע""י Qbzn לדרייב",https://drive.google.com/file/d/1-80WQ2arfkxKIzLSqOX2r6g5YObG-k5k/view,Cars,2006,"אנימציה, קומדיה, הרפתקאות",117,"מכונית מרוצים צעירה ושאפתנית בשם רדי מורטון מוצאת את עצמה בטעות בעיירה קטנה לפני מרוץ חשוב. תוך כדי שהיא לומדת על ידידות, עזרה הדדית והמשמעות האמיתית של הצלחה, היא משנה את השקפת עולמה ומוצאת משפחה חדשה."
מכוניות,"מכוניות 2 מדובב הועלה ע""י Qbzn לדרייב",https://drive.google.com/file/d/1-I9wwAlUsxdNqQMU1zOEMKtQex6OObqi/view,Cars 2,2011,"אנימציה, הרפתקאות, קומדיה",106,"לייטנינג מקווין וחברו הקרוב מט דומיניק יוצאים להרפתקה בינלאומית במרוץ שבו הם נתקלים בקונספירציה עולמית. בזמן שהם מתמודדים עם סכנות ואתגרים חדשים, הם לומדים על חשיבות החברות והאמונה בעצמם."
מכוניות,"מכוניות 3 מדובב הועלה ע""י Qbzn לדרייב",https://drive.google.com/file/d/1-KADs0ikytT1sbyoaz4Yb8PCClo_zgPj/view,Cars 3,2017,"אנימציה, הרפתקאות, משפחה",102,"לייטנינג מקווין מתמודד עם דור חדש של מתחרים מהירים וטכנולוגיים, ונאלץ להוכיח שיש לו עוד מה להציע. עם עזרתם של חברים ותלמידה צעירה, הוא יוצא למסע של גילוי עצמי ועומד מול אתגרים חדשים במירוץ הגדול."
מכוניות,מכוניות 1 - מתורגם,https://drive.google.com/file/d/17f_hAmrg8hj6jjWcf3rzCbX7L0_yR2GE,Cars,2006,"אנימציה, הרפתקאות, קומדיה",117,"מלפינש מארוול, מרוץ מרוצה מיוזע, מוצא את עצמו בעיירה קטנה בשם רד רוקט, שם הוא לומד על חשיבות החברות והערכים שמעבר לתהילה ולמהירות. כשהוא מתמודד עם האתגרים שבדרך, מלפינש מגלה שאפשר לנצח גם בדרכים שונות."
מכוניות,מכוניות 2 - מתורגם,https://drive.google.com/file/d/1fGDrgoP9KGy-1ANJzmXXU3u9FaJZTocl/view?usp=drivesdk,Cars 2,2011,"אנימציה, הרפתקאות, קומדיה",106,"מכונית המרוץ לייטינג מקווין יוצא להרפתקה בינלאומית כדי להתחרות במירוץ העולמי. במקביל, חברו, המכונית סול, נכנס לתפקיד מרגל חשאי שמנסה לחשוף קונספירציה מסוכנת. הסרט משלב פעולה, הומור והרבה דרמה בעולם המכוניות המדברות."
מכוניות,מכוניות 3 - מתורגם,https://drive.google.com/file/d/1iPZ_dKK1JHbfNwu9T9fcDFvjz5OQM2nB/view,Cars 3,2017,"אנימציה, הרפתקאות, משפחה",102,"לייטנינג מקווין מתמודד עם דור חדש של מכוניות מרוץ מהירות יותר וטכנולוגיות מתקדמות. הוא יוצא למסע לשפר את עצמו ולהוכיח שהוא עדיין הבולט במגרש המרוצים. במהלך הדרך, הוא מוצא חברים חדשים ולומד על חשיבות ההתמדה והחברות."
הנוקמים,הנוקמים 1,https://drive.google.com/file/d/1PB0NenYMXzTliF76JkifCqTcwObL4m54/view?usp=drivesdk,The Avengers,2012,"פעולה, מדע בדיוני, הרפתקאות",143,"צוות גיבורים-על הכולל את איירון מן, קפטן אמריקה, ת'ור, הענק הירוק, סקאוטינג סוקר ולוחמת הוונדה מתאחדים כדי לעצור איום חוצני שמסכן את העולם. במהלך הקרב הם לומדים לעבוד יחד ולחזק את הקשר ביניהם."
הנוקמים,הנוקמים 2,https://drive.google.com/file/d/12Pal0qBw2l3MxWSY7aa4VCoU1RY9Rdcm/view?usp=drivesdk,Avengers: Age of Ultron,2015,"פעולה, מדע בדיוני, הרפתקאות",141,"הנוקמים מתאחדים שוב כדי להתמודד עם איום חדש בשם אולטרון, אינטליגנציה מלאכותית שהפכה למאיימת על האנושות. במהלך הקרב הם מוצאים עצמם נאבקים לא רק באויב חיצוני אלא גם במאבקים פנימיים ובסכנות שמאיימות על עולמנו."
הנוקמים,הנוקמים 3,https://drive.google.com/file/d/1GeqO3yzNhExaqlKrT4H9wWTYbTYUxDHh/view?usp=drivesdk,Avengers: Infinity War,2018,"פעולה, מדע בדיוני, הרפתקאות",149,"הגיבורים האהובים ביותר מהמארוול מתאחדים כדי לעצור את תאנוס, האיום החזק ביותר ביקום, שמנסה לאסוף את אבני האינסוף כדי להשמיד חצי מהחיים ביקום. הקרב האפי מתפשט על פני מקומות רבים והגיבורים עומדים בפני סכנה גדולה שלא נראו כמותה קודם."
הנוקמים,הנוקמים 4,https://drive.google.com/file/d/1SU8vkKboMXDf6FmP7NQmDfbpD2czptZ5/view?usp=drivesdk,Avengers: Endgame,2019,"פעולה, מדע בדיוני, פנטזיה",181,"לאחר סיום טראגי בהרבה של 'הנוקמים: מלחמת האינסוף', הנוקמים שמרו על תקווה בניסיונם להביא בחזרה את אלה שנעלמו. הם מתאגדים לביצוע משימה סופית להציל את העולם ולהכניע את תאנוס אחת ולתמיד."
בחורים רעים,בחורים רעים 1,https://drive.google.com/file/d/1g85OPXhyT3_NJcJs7Q2ljZJgdPx3zp0H/view,בחורים רעים 1,N/A,N/A,N/A,N/A
בחורים רעים,בחורים רעים 2,https://drive.google.com/file/d/195fSv-vjW_auUSKSd-rvUW7qFWgUEmLa/view,בחורים רעים 2,N/A,N/A,N/A,N/A
בחורים רעים,בחורים רעים 3 - רעים לתמיד,https://drive.google.com/file/d/1yFVILf69NKSvWW0UMa5Znl_1gjOgIbG0/view,בחורים רעים 3 - רעים לתמיד,N/A,N/A,N/A,N/A
בחורים רעים,בחורים רעים 4 - הכל או כלום,https://drive.google.com/file/d/11fHWfPfL99bywg_w3qNBAW_N_f6U1VF8/view,בחורים רעים 4 - הכל או כלום,N/A,N/A,N/A,N/A
50 גוונים,50 גוונים של אופל,https://drive.google.com/file/d/14J9HGZ-Y_obbXRjAMu__8CM5zvykB3Zy/view,50 גוונים של אופל,N/A,N/A,N/A,N/A
50 גוונים,50 גוונים של שחור,https://drive.google.com/file/d/14CRRBlchlOYFYOgQwBe7p-e2Qx7upW_D/view?usp=drivesdk,50 גוונים של שחור,N/A,N/A,N/A,N/A
50 גוונים,50 גוונים של שחרור,https://drive.google.com/file/d/14GVv_W54yFsPVDu3V1cT1Ck9VtmfVUJ4/view?usp=drivesdk,50 גוונים של שחרור,N/A,N/A,N/A,N/A
50 גוונים,50 גוונים של אפור,https://drive.google.com/file/d/1OoYpfqMdQEbefPOIW4y0R8kZIRby-0Th/view?usp=sharing,50 גוונים של אפור,N/A,N/A,N/A,N/A
אבא גנוב,אבא גנוב 1 - טבריה,https://drive.google.com/file/d/0ByUKzbCJaA3KeEZ1MzY2Z0NOc0E/view?usp=drivesdk&resourcekey=0-l00MxjSqs0wxlnNUPX7qSA,Stolen Father 1 - Tiberias,2018,קומדיה,90,"סרט קומדיה ישראלי שמתמקד בסיפורו של אבא שהולך לאיבוד בעיר טבריה. במהלך המסע למצוא את דרכו הביתה, הוא נתקל בסיטואציות מצחיקות והרפתקאות שונות שמשלבות הומור וחום אנושי."
אבא גנוב,אבא גנוב 2 - תל אביב,https://drive.google.com/file/d/0ByUKzbCJaA3KNFdNRWpWbl9JNjA/view?usp=drivesdk&resourcekey=0-o2hNr_SN5iRlAlDiReCysg,The Cakemaker 2 - Tel Aviv,2023,"קומדיה, דרמה",95,"הסרט ממשיך את עלילות אבא גנוב בעיר תל אביב, כאשר הגיבור מנסה להתמודד עם אתגרים חדשים בחייו. המתח בין הקומדיה לדרמה מציג סיפור של משפחה, אהבה והתמודדות במציאות העירונית."
אבא גנוב,אבא גנוב 3 - אילת,https://drive.google.com/file/d/0ByUKzbCJaA3KTkYyYlVnNlEzam8/view?usp=drivesdk&resourcekey=0-H27UKDpSPvdikyZUBp4U9g,Father of the Bride 3 - Eilat,2024,קומדיה משפחתית,110,הסרט ממשיך את סיפורו של אבא גנוב בעיצומן של חגיגות חתונה בעיר אילת. הקומדיה מציגה את האתגרים והמצבים הקומיים שמגיעים עם תכנון האירוע המשפחתי והקשרים הבין-אישיים המשתנים.
גברים בשחור,גברים בשחור 1,https://drive.google.com/file/d/1MK3Rc8aYph7qjXjQn29Zwi_Kez3VphYi/view?usp=drivesdk,Men in Black,1997,"מדע בדיוני, אקשן, קומדיה",98,סוכני ממשלה סודיים המפקחים על פעילות חייזרית בכדור הארץ. הם מתמודדים עם איומים חייזריים ומגנים על האנושות באמצעות טכנולוגיה מתקדמת ורוח קרבית. הסרט משלב אלמנטים של פעולה והומור תוך יצירת עולם מלא הפתעות.
גברים בשחור,גברים בשחור 2,https://drive.google.com/file/d/1E8AdZFDEwpD11UMOTIHXpW9KRiyjNz6A/view?usp=drivesdk,Men in Black II,2002,"מדע בדיוני, פעולה, קומדיה",88,"סוכני ממשלתית סודית, המכונים 'גברים בשחור', מתמודדים עם איום חדש כשהמצחיק והבלתי צפוי חוזר למשימה להציל את העולם מחייזר שיש לו כוחות מסוכנים. החבורה צריכה לשתף פעולה כדי למנוע מיתר אישיות חייזרית להשתלט על כדור הארץ."
גברים בשחור,גברים בשחור 3,https://drive.google.com/file/d/1NDgvTi-V23Z0puWD8BxfvOspykqJibz9/view?usp=drivesdk,Men in Black 3,2012,"מדע בדיוני, פעולה, קומדיה",106,"סוכן J צריך לחזור בזמן לעבר כדי להציל את סוכן K מנקודת זמן שבה העולם עומד בפני איום בלתי ניתן לעצירה. במהלך המסע הוא מגלה סודות שמעולם לא ידע והשפעות שיש להן על ההווה. הסרט משלב פעולה, הומור ומדע בדיוני במאבק להצלת המין האנושי."
גברים בשחור,גברים בשחור 4,https://drive.google.com/file/d/1iir7klL5nmV_FBrqXgkapIBT5uKQqvH4/view?usp=drivesdk,Men in Black 4,2012,"מדע בדיוני, פעולה, קומדיה",128,סוכן J מחזיר את סוכן K הצעיר לעבר כדי להציל את העתיד של סוכנות גברים בשחור. יחד הם מתמודדים עם איומים חדשים מהחלל החיצון במטרה להציל את כדור הארץ מפני פלישה קטלנית.
דוכן הנשיקות,דוכן הנשיקות 1,https://drive.google.com/file/d/1URDWu_779plROAgG4VLRU5MMbrfNNI1j/view?usp=drivesdk,The Kissing Booth,2018,"רומנטי, קומדיה",105,"אלאה, נערה תיכון ביישנית, מוצאת את עצמה במערכת יחסים סודית עם בחור נעורים שלה – אך המצב מסבך כשהיא מתמודדת עם החברות הטובה ביותר שלה. הסרט עוקב אחר התמודדותה עם רגשות, חברות ומשברים בגיל ההתבגרות."
דוכן הנשיקות,דוכן הנשיקות 2,https://drive.google.com/file/d/1RxU6xrUyKTnZfJ0vU_89Cmehh-owbB7E/view?usp=drivesdk,The Kissing Booth 2,2020,קומדיה רומנטית,123,"הסרט ממשיך לעקוב אחר אל מולינס, שמתמודדת עם מערכת יחסים מרובת אתגרים עם נואה, כשבמקביל היא מתמודדת עם השינויים שהעברה לתיכון חדש מביאה איתה. אל צריכה להתמודד עם בחירות קשות בין אהבה, חברות ואחריות."
דוכן הנשיקות,דוכן הנשיקות 3,https://drive.google.com/file/d/15o1ScHsIZKbA5K2N0OQ1EUmVC6OOGq9g/view?usp=drivesdk,The Kissing Booth 3,2021,"קומדיה, רומנטי",111,"אווה יוצאת לחופשה בחופשה האחרונה לפני שמתחילה את הלימודים באוניברסיטה ומגלה שהחיים שלה עומדים להשתנות. היא צריכה לקבל החלטות לגבי היחסים שלה עם נואו וחבריה, ולהתמודד עם המעבר לעולם חדש. הסרט עוסק באתגרים של נעורים, אהבה וחברות."
סיפורי נרניה,סיפורי נרנה 1,https://drive.google.com/file/d/1cAGUWDd17ZRjomB-vHQCCsQW5Cjzj0Hx/view?usp=drivesdk,"The Chronicles of Narnia: The Lion, the Witch and the Wardrobe",2005,"פנטזיה, הרפתקאות",143,"ארבעה אחים צעירים מגלים ארון קסום שמוביל אותם לעולם נרניה, שבו הם מצטרפים למאבק נגד המכשפה הרעה השולטת על המקום. יחד עם האריה אסלאן, הם מנסים להביא שלום ולשחרר את נרניה מהכישוף. הסרט מעביר מסר על אמונה, אומץ ותקווה."
סיפורי נרניה,סיפורי נרנה 2,https://drive.google.com/file/d/1k_62SwOUgaMBQi_KbTT82pLB3I8fr0kZ/view?usp=drivesdk,The Chronicles of Narnia: Prince Caspian,2008,"פנטזיה, הרפתקאות",150,"הילדים פיוואן חוזרים לנארניה ומגלים שהעולם שונה מאשר שהם זכרו. ביחד עם הנסיך קספיאן, הם מנסים להביס את השליט הרשע ולהחזיר את השלום לממלכה."
סיפורי נרניה,סיפורי נרנה 3,https://drive.google.com/file/d/1isCTHV0w1Jt3xkZbmdf07ozlq4V-2S-2/view?usp=drivesdk,The Chronicles of Narnia: The Voyage of the Dawn Treader,2010,"פנטזיה, הרפתקאות",113,שלושת האחים חוזרים אל נרניה ויוצאים למסע ימי על סיפונה של 'דון טרידר' במטרה למצוא שבעה אצילים אבודים ולסכל את תוכניתו של האויב. במהלך המסע הם נתקלים בישויות קסומות ומשימות מסוכנות שמאתגרות את אמונתם ואומץ לבם.
הלגונה הכחולה,הלגונה הכחולה 1,https://drive.google.com/file/d/1nEVt8oApP6JwhS5PjurG2tIytbrDnF_8/view?usp=drivesdk,הלגונה הכחולה 1,N/A,N/A,N/A,N/A
הלגונה הכחולה,הלגונה הכחולה 2 - השיבה ללגונה הכחולה,https://drive.google.com/file/d/1uskvtRUUW3y93sjTKmiGNGkIA5JH-OlG/view?usp=drivesd,הלגונה הכחולה 2 - השיבה ללגונה הכחולה,N/A,N/A,N/A,N/A
הלגונה הכחולה,הלגונה הכחולה 3 - ההתעוררות,https://drive.google.com/file/d/1KyCSRkHDsoj315Rz7t7l6Vfs9A6uoYal/view?usp=drivesdk,הלגונה הכחולה 3 - ההתעוררות,N/A,N/A,N/A,N/A
הנוסע השמיני,הנוסע השמיני 1,https://drive.google.com/file/d/1zWY0Vd6Mvy2OuM6E-szAzvCJEEQfvbft/view?usp=drivesd,הנוסע השמיני 1,N/A,N/A,N/A,N/A
הנוסע השמיני,הנוסע השמיני 2 - שובו של הנוסע השמיני,https://drive.google.com/file/d/1iDriJhFXZMTvqOc1XBPA5hphNL1o3Y75/view?usp=drivesdk,הנוסע השמיני 2 - שובו של הנוסע השמיני,N/A,N/A,N/A,N/A
הנוסע השמיני,הנוסע השמיני 3,https://drive.google.com/file/d/1grZZL2eFuKWML3EcOCNRsUzNFuYQZ4dS/view?usp=drivesdk,הנוסע השמיני 3,N/A,N/A,N/A,N/A
הנוסע השמיני,הנוסע השמיני 4 - התחייה,https://drive.google.com/file/d/1jBblr9YWXkhtVEe0lDVVSN7OlCqr8iCW/view?usp=drivesdk,הנוסע השמיני 4 - התחייה,N/A,N/A,N/A,N/A
הנוסע השמיני,הנוסע השמיני 5 – פרומתאוס,https://drive.google.com/file/d/19Z66YdF6G5F65Kc-c1XB9X3f8wcLnoS5/view?usp=drivesdk,Alien: Covenant,2017,"מדע בדיוני, אימה",122,"אחרי שהחללית קונטיננט מגיעה לכוכב לא מוכר, הצוות מגלה שישות זרה ומסוכנת המאיימת על חייהם. הסרט ממשיך את עלילות היקום של הנוסע השמיני ומתמקד במאבק לשרוד בעולמות רחוקים ומפחידים."
הנוסע השמיני,הנוסע השמיני 6 – קובננט (2017),https://drive.google.com/file/d/1Hrzc_GEfnWEpr_fsCf5I2taAon5LGkyv/view?usp=drivesdk,Alien: Covenant,2017,"אימה, מדע בדיוני",122,"צוות החללית קובננט מגלה עולם רחוק שנראה כמו גן עדן בלתי מאוכלס. כשהם מגלים שהוא לא מה שהם חשבו, הם מוצאים את עצמם במאבק על הישרדות מול יצורים זרים ומאיימים. הסרט ממשיך את סיפור היקום של הנוסע השמיני ומרחיב את המיתולוגיה שלו."
הנוסע השמיני,הנוסע השמיני 7 – רומולוס (2024),https://drive.google.com/file/d/1t9a9rtDnoGtWJ8OywEqpgnaOkqIjJfQI/view?usp=drivesdk,Alien: Romulus,2024,"מדע בדיוני, אימה, מותחן",114,"ב-נסיעה בין-כוכבית בעתיד הרחוק, צוות ספינת חלל נתקל ביצורים זרים ומפחידים. הם חייבים לשרוד ולהתגבר על האיום האימתני של החייזרים המסוכנים שנקראים 'הנוסע השמיני'. הסרט משלב מתח, פעולה ואלמנטים מדע בדיוניים עוצרי נשימה."
ביג מאמא,ביג מאמא 1,https://drive.google.com/file/d/1-0WID0M8x27JelHt1eoVBh2xaOPbXubx/view?usp=drivesdk,Big Momma's House,2000,"קומדיה, פשע",98,"סוכן FBI מתחפש לאישה מבוגרת ומלאת מופתע בשם ביג מאמא כדי להתקרב לפושע רציני. תוך כדי התחפשות, הוא מוצא את עצמו בסיטואציות קומיות רבות ונאלץ להתמודד עם אתגרים מחוץ לאזור הנוחות שלו."
ביג מאמא,ביג מאמא 2,https://drive.google.com/file/d/1-ASaaqoOEyg1RuZnzwxYlUTi9EcFfjsV/view?usp=drivesdk,Big Momma's House 2,2006,"קומדיה, פעולה",101,סוכן FBI מתורה מחופש לאישה מבוגרת בשם 'ביג מאמא' כדי לחלץ סרטון וידאו חשוב מאלמונית. הסרט משלב אלמנטים קומיים והרפתקניים כשהסוכן מתמודד עם מצבים בלתי צפויים בתוך תחפושתו.
ביג מאמא,ביג מאמא 3,https://drive.google.com/file/d/1-CE0vV0md0wLKC9-ES0rFyCjyBHqCl_f/view?usp=drivesdk,Big Momma's House 3,2011,"קומדיה, פעולה",88,סוכן FBI מתנקש מתחפש לזוויג הממא ענקית בשם ביג מאמא כדי לתפוס פושע מסוכן. הסרט פרוץ בהומור ומלא בסיטואציות משעשעות שנוצרות מהתחפושת והתחכום של הדמות. המתח והקלילות משתלבים יחד במאבק נגד הפשע.
היורשים,*היורשים 1👇🏼*,https://drive.google.com/file/d/1_Er8bDlsHdjs6Gao46A81pK6Z7LQjseI/view?usp=drivesdk,The Heirs,2013,"דרמה, רומנטיקה",105,"סיפורם של קבוצת בני נוער דרום קוריאנים עשירים, שנאבקים בין המסורת למשפחה לבין שאיפותיהם האישיות. העלילה מתמקדת במורכבות היחסים המשפחתיים והחברתיים בפריזמה של אהבה, קנאה ובגידה."
היורשים,*היורשים 2 👇🏼*,https://drive.google.com/file/d/1I5eaMPv01UkSidNfzLoRLKElnu1POSm3/view?usp=drivesdk,The Heirs 2,2022,"דרמה, פנטזיה",110,"הסרט ממשיך את סיפורו של משפחת היורשים, המתמודדת עם ירושות מסתוריות וכוחות על-טבעיים. הדמויות נאלצות להתמודד עם קונפליקטים פנימיים וחיצוניים שמסכנים את עתידם ואת המורשת שלהם."
היורשים,*היורשים 3👇🏼*,https://drive.google.com/file/d/16g080COqpDx-_ysofpz-oFvY5vCGMrbO/view?usp=drivesdk,Succession Season 3,2021,"דרמה, מותחן",360,"בעונה השלישית של סדרת הדרמה, המשפחה רוי ממשיכה במאבקי הכוח וההשפעה בתוך עסקי המדיה המשפחתיים. המתח והקונפליקטים האישיים מתעצמים, כשהדור הצעיר מנסה להשתלט על האימפריה המשפחתית."
היורשים,*היורשים 4👇🏼*,https://drive.google.com/file/d/1pS262eatgQTrhVEcd4R0rQH5d8e-HMql/view?usp=drivesdk,The Heirs 4,2023,"דרמה, רומן",55,"עונה רביעית של סדרת הדרמה הרומנטית המתמקדת בחייהם המורכבים של אנשי עסקים עשירים ומשפחתיים. העלילה מתמקדת בקונפליקטים פנימיים, מערכות יחסים רומנטיות ואתגרים חברתיים בתוך המשפחה."
מפוצלים,מפוצלים - 1 - Qbzn,https://drive.google.com/file/d/1dTFpPqNaXfFILuoWHsRSHKfiQd4v_34_/view?usp=drivesdk,Split,2016,"מתח, דרמה, אימה",117,"גבר בשם קוונטין וינסנט סובל מהפרעת זהויות מרובת אישיות, כשהוא חוטף שלוש בנות צעירות. במהלך שהייתן בכלאו, הוא מראה צדדים שונים של אישיותו ומסתיר סוד מסוכן שיכול לאיים על כולן."
מפוצלים,מורדים - 2 - Qbzn,https://drive.google.com/file/d/1k1QTHe4WaFwyMMCY7nxegbkaslwZuSGU/view?usp=drivesdk,Rebels - 2,2021,"פעולה, דרמה",110,"הסרט ממשיך בעקבות קבוצת מורדים המתמודדים עם אתגרים חדשים במאבקם לשחרר את עולמם. תוך כדי מרד ומאבקים פנימיים, הם נלחמים על צדק וחירות בעידן של אי-וודאות. העלילה מתמקדת בנאמנות, אומץ ותקווה."
מפוצלים,נאמנים - 3 - Qbzn,https://drive.google.com/file/d/186vEegYTzZOnBgvDaHFYkfLOtRtdvPKO/view?usp=drivesdk,True Lovers,2023,"רומן, דרמה",94,"הסרט עוקב אחר מערכת יחסים מורכבת בין שני זוגות חברים הקרובים זה לזה, כאשר נושאים של נאמנות, אהבה ובגידה מתמזגים למתח פסיכולוגי. אירועים בלתי צפויים מאלצים את הדמויות להתמודד עם רגשותיהן העמוקים והקשיים שבנאמנות במערכות יחסים."
רוקי,Qbzn - רוקי 1_1976.mp4,https://drive.google.com/file/d/1tMOaD1otbfATsMG1udQ_fWb9FsAs3Ygc/view,Qbzn - רוקי 1_1976.mp4,N/A,N/A,N/A,N/A
רוקי,Qbzn - רוקי 2_1979.mp4,https://drive.google.com/file/d/1HbEWsndBYTBlNV_RdHEbwklO7FX-M3XO/view,Qbzn - רוקי 2_1979.mp4,N/A,N/A,N/A,N/A
רוקי,Qbzn - רוקי 3_1982.mp4,https://drive.google.com/file/d/1pMs9hmn17_acVLH0SwNOoIXshCXGw8cH/view,Qbzn - רוקי 3_1982.mp4,N/A,N/A,N/A,N/A
רוקי,Qbzn - רוקי 4_1985.mp4,https://drive.google.com/file/d/1QlcqQfeq45QIBzj29ggdo1NfHOxp1oah/view,Qbzn - רוקי 4_1985.mp4,N/A,N/A,N/A,N/A
רוקי,Qbzn - רוקי 5_1990.mp4,https://drive.google.com/file/d/1unzJUqUTjFRceoiju1B07UVD7CRhbs2b/view,Qbzn - רוקי 5_1990.mp4,N/A,N/A,N/A,N/A
זומבים,Qbzn - זומבים 1_2018.mp4,https://drive.google.com/file/d/1lakpTYD1-gY2kva-nnxc9ayP64FeQATa/view,Qubzin (Zombies 1),2018,"אימה, פעולה, פוסט-אפוקליפטי",90,הסיפור עוקב אחר קבוצה של שורדים בעולם שאחרי התפשטות אפידמיה זומבית קטלנית. הם מנסים למצוא מקום בטוח ולהילחם בזומבים ובאיום האנושי המתהווה. הסרט מציג מאבק על הישרדות בסביבה עוינת ומדגיש את הקונפליקטים האנושיים במצבי קיצון.
זומבים,Qbzn - זומבים 2_2020.mp4,https://drive.google.com/file/d/1bEztOYYST5aZO7P2XTgUURLVPj23Sq5f/view,Q-Plan: Zombies 2,2020,"אימה, פעולה, זומבים",95,"בסרט זה, קבוצה של ניצולים נאבקים על חייהם מול מתקפת זומבים בלתי נגמרת. תוך כדי מאבקיהם לשרוד, הם מגלים סוד מטריד שמאחורי התפשטות הזומבים. העלילה מתמקדת באקשן מתוח ובמאבק לעמוד מול האימה המתמדת."
זומבים,Qbzn - זומבים 3_2022.mp4,https://drive.google.com/file/d/1kC90Tdmp9sreJlF3kwMpZt8Gx4kPTJ3Q/view,Q-Force,2022,"אקשן, קומדיה, פוסט-אפוקליפטי",98,"בסרט זה, צוות של לוחמים מיומנים נאבק בזומבים שפוקדים את העולם. העלילה עוקבת אחרי ניסיונותיהם לשרוד ולהגן על האנושות מפני המגפה ההרסנית. לצד הפעולה והמתח, קיימת נימה קומית שמאזנת את האווירה הקשה."
זומבים,Qbzn - זומבים 4 • שחר הערפדים_2025.mp4,https://drive.google.com/file/d/1yq7xqgycw4KvcSY7U0Glsn4Rs1fA2bdj/view,Qbzn - Zombies 4: Dawn of the Vampires,2025,"אימה, מדע בדיוני, פעולה",110,"בסרט זה, זומבים משתלבים בעולם בו הערפדים שוררים, וקרב חסר פשרות מתחיל בין השתיים. גיבורים נאבקים לשרוד בין שתי האיומים שמאיימים להשמיד את האנושות ולהכתיב את עתידה."
טרולים,קובץ שחולץ,https://drive.google.com/file/d/VfPpkd-StrnGf-rymPhb-Zmlebc-LhBDec/view,The Wages of Fear,1953,"מתח, דרמה",152,"קובץ שחולץ הוא סרט מתח דרמטי שבו ארבעה גברים מקבלים משימה מסוכנת לשנע מטען נפיץ דרך טריטוריה מסוכנת. הסרט חוקר את המתח המתמיד והסכנות במהלך המסע המסוכן. זהו סיפור על אומץ, פחד והנחישות להישאר בחיים במצבים קיצוניים."
טרולים,קובץ שחולץ,https://drive.google.com/file/d/_F_toggles_default_AccountsSignInUi/view,The Extraction File,2023,"פעולה, מותחן",115,"סוכן מוסד מיומן נשלח למשימה מסוכנת להציל שבוי בכפייה במדינה עוינת. במהלך הפעילות, הוא מגלה רשת מורכבת של קונספירציות שמעמידות את חייו בסכנה גדולה יותר ממה שחשב."
אלווין והצ'יפמאנקס,קובץ שחולץ,https://drive.google.com/file/d/_F_toggles_default_AccountsSignInUi/view,District 9,2009,"מדע בדיוני, פעולה, דרמה",112,"סיפורו של חייזר שנתקע בכדור הארץ ומוחזק במחנה ריכוז בדרום אפריקה. הסרט עוקב אחר הקשר המורכב בין בני האדם לחייזרים, ומשלב אלמנטים של ביקורת חברתית ופעולה מרתקת."
אלווין והצ'יפמאנקס,קובץ שחולץ,https://drive.google.com/file/d/VfPpkd-StrnGf-rymPhb-Zmlebc-LhBDec/view,Extracted File,2019,"מתח, דרמה",105,"הסרט מתמקד בחוקר פרטי שמתמודד עם מקרה מסתורי שבו קובץ דיגיטלי מוצא פתאום את דרכו לעולם האמיתי, ומסבך אותו בלב של קונספירציה מסוכנת. תוך כדי התחקירים הוא מגלה ששום דבר אינו כפי שהוא נראה, והקצב עולה כשהסכנה מתקרבת."
הנגאובר,Qbzn - הנגאובר 1 • בדרך לחתונה עוצרים בווגאס_2009.mp4,https://drive.google.com/file/d/1UuT84esFFJaZ335SXaRiKP2m20cz0giT/view,The Hangover,2009,"קומדיה, הרפתקאות",100,שלושה חברים מתעוררים בלאס וגאס לאחר מסיבת רווקות פראית ללא כל זכר ללילה שלפני. הם מנסים לשחזר את מה שקרה ולמצוא את החבר שנעלם לפני חתונתו. במהלך החקירה הם נתקלים במצבים משעשעים ובלתי צפויים.
הנגאובר,Qbzn - הנגאובר 2 • בדרך לחתונה עוצרים בבנקוק_2011.mp4,https://drive.google.com/file/d/189anntt5pGZ3wm0ShnvpaoWiAyO8Aeig/view,The Hangover Part II,2011,"קומדיה, הרפתקאות",102,"החבורה חוזרת לפעמים להיכנס לצרות כשהם נוסעים לבנגקוק לחתונה. לאחר לילה של מסיבות ושתייה, הם מתעוררים ללא זכר לאירועים ומנסים לפענח מה קרה, תוך שהם מגלים סיטואציות קומיות ומסוכנות."
הנגאובר,Qbzn - הנגאובר 3 • חוזרים לווגאס_2013.mp4,https://drive.google.com/file/d/1qi48Y0YpAs9lwOnRikkbSOAd4LCKkbTL/view,The Hangover Part III,2013,"קומדיה, פשע",100,"החבורה שוב שוקעת בצרות כשהם מנסים להציל את חברם אלן ממכחול מסוכן. הפעם הם לא בווגאס אלא במסע מלא סכנות, הרפתקאות והפתעות. קומדיה פשעית שמסכמת את הטרילוגיה בסטייל אפי."
המשלח,Qbzn • המשלח 1.mp4,https://drive.google.com/file/d/1zvAlworbqwWUIXa1pP4huFjQHhn6iV_N/view,Qbzn • המשלח 1.mp4,N/A,N/A,N/A,N/A
המשלח,Qbzn • המשלח 2.mp4,https://drive.google.com/file/d/1nU0NaIUC_6fDWesBAVxEXql0-3REUY-S/view,Qbzn • המשלח 2.mp4,N/A,N/A,N/A,N/A
המשלח,Qbzn • המשלח 3.mp4,https://drive.google.com/file/d/1npcDFaaLSxL24qiBk8hrfwlPFSSEjvYy/view,Qbzn • המשלח 3.mp4,N/A,N/A,N/A,N/A
המשלח,Qbzn • המשלח 4.mp4,https://drive.google.com/file/d/1Y7GFaITGMwMVOpzwgadWrVRlUKdz-JV_/view,Qbzn • המשלח 4.mp4,N/A,N/A,N/A,N/A
כדור תועה,Qbzn - כדור תועה 1.mp4,https://drive.google.com/file/d/1kvVQ-afF9XpQxrbu4av-rj_-Zvod3Sg8/view,Qbzn - כדור תועה 1.mp4,N/A,N/A,N/A,N/A
כדור תועה,Qbzn - כדור תועה 2.mp4,https://drive.google.com/file/d/1VMJHJqyTvmF7rzGlmiocO-ic908l5cD2/view,Qbzn - כדור תועה 2.mp4,N/A,N/A,N/A,N/A
כדור תועה,Qbzn - כדור תועה 3.mp4,https://drive.google.com/file/d/1lFILRFasGj9pRiSXrKSt7N4FAJjbjUoG/view,Bullet Head,2017,"מותחן, פשע",92,שלושה עבריינים נמלטים מהמשטרה ומסתבכים עם חזיר ענק בתוך מחסן נטוש. הם מגלים שהחיים שלהם תלויים בהחלטותיהם במאבק על הישרדות. מתיחות וחוסר אמון מובילים להתנגשות קטלנית.
פיץ פרפקט,Qbzn - פיץ' פרפקט 1,https://drive.google.com/file/d/1zIiZ0tJsAfubDBm4H0cHKcPneTWuwWn7/view,Pitch Perfect,2012,"קומדיה, מוזיקלי",112,"סאט הבינונית בבית הספר השתלבה בקבוצה א-קפלה תחרותית. יחד עם חברותיה, הן מנסות לזכות בתחרות הלאומית למרות האתגרים והקונפליקטים האישיים. סאט מוצאת את עצמה בדרך של צמיחה ועבודת צוות."
פיץ פרפקט,Qbzn - פיץ' פרפקט 2,https://drive.google.com/file/d/1BdsvNaHgEkerBl9gYt35Ssy-zheXk9ke/view,Pitch Perfect 2,2015,"קומדיה, מוזיקלי",115,"החבורה המוזיקלית הפופולרית ממשיכה את דרכה לתחרות בינלאומית, כשהם מתמודדים עם אתגרים חדשים ולחצים. הסרט משלב קומדיה, מוזיקה ורגעים מרגשים של חברות והתפתחות אישית."
פיץ פרפקט,Qbzn - פיץ' פרפקט 3,https://drive.google.com/file/d/1TREOXIMFRQtUWeonh081L0K4FDDkioaK/view,Pitch Perfect 3,2017,"קומדיה, מוזיקלי",93,"השלישייה האהובה חוזרת למסך בסיום הסדרה, כשהן יוצאות לסיבוב הופעות אחרון כדי להוכיח את יכולותיהן ולסגור את הפרק של חיי הלהקה. במהלך המסע הן מתמודדות עם הקשיים בחיים הבוגרים, חברות, ואהבות חדשות."
בחזרה לעתיד,Qbzn - בחזרה לעתיד 1,https://drive.google.com/file/d/1hKQ-0TDJkU0H0F-qeMjPGtF2gueBTCOx/view,Back to the Future,1985,"מדע בדיוני, הרפתקאות, קומדיה",116,"נער בשם מרטי מקפליי מוצא את עצמו בטעות נוסע בזמן ל-1955 באמצעות מכונית שהוסבה למכונת זמן. שם הוא פוגש את הוריו הצעירים ומנסה לתקן את העבר כדי להחזיר את העתיד למסלולם. במהלך מסעו, מרטי מתמודד עם אתגרים רבים שמעמידים את עתידו בסכנה."
בחזרה לעתיד,Qbzn - בחזרה לעתיד 2 (1989),https://drive.google.com/file/d/14Zbuu6CwG4KQV_iCyc8eNyL2u5lg-c2L/view,Back to the Future Part II,1989,"מדע בדיוני, הרפתקאות, קומדיה",108,"מרטי מקפליי ודוקטור ברא운 חוזרים לעתיד כדי למנוע אסון משפחתי. הם מגיעים לעתיד בשנת 2015 ומגלים עולם טכנולוגי ושונה מאוד, אך בעיות חדשים ותהפוכות מסכנות את שושלת משפחתם."
בחזרה לעתיד,Qbzn - בחזרה לעתיד 3,https://drive.google.com/file/d/1Tv_IHVXhs0gwcMrbnkEM8sCyT2Ierub3/view,Back to the Future Part III,1990,"מדע בדיוני, הרפתקאות, פעולה",118,"מרטי מקרפליי מטייל לעבר המערב הפרוע בשנת 1885 כדי להציל את דוקטור אמט בראון. בזמן שהוא מנסה למצוא דרך לחזור לעתיד, הוא מתמודד עם פושעים וסכנות של אותה תקופה, תוך כדי שמירה על יחסי הידידות שלו עם דוק."
ההוביט,Qbzn - ההוביט 1 (2012),https://drive.google.com/file/d/1YK3Jx1Y0NiB3F53dFGggPvQK50p-r_JR/view,The Hobbit: An Unexpected Journey,2012,"פנטזיה, הרפתקאות",169,"בילבו באגינס, הובל מההוביטון, יוצא למסע יוצא דופן יחד עם קבוצת גמדים להחזיר את ממלכתם מאימת הדרקון סמאוג. במסעם הם מתמודדים עם סכנות רבות ויצורים מיתולוגיים בעולם הפנטזיה של ארדה."
ההוביט,Qbzn - ההוביט 2 (2013),https://drive.google.com/file/d/1WWXvzZpSrE1E-AxM0ln-Hlv_249ikvJg/view,The Hobbit: The Desolation of Smaug,2013,"פנטזיה, הרפתקאות",161,"בילבו באגינס ממשיך במסעו עם הגמדים להגיע לממלכת ארץ התיכונה כדי להשיב את ממלכתם מידי הדרקון סקורג'. במהלך המסע הם מתמודדים עם סכנות רבות, מפלצות ואויבים חדשים."
ההוביט,Qbzn - ההוביט 3 (2014),https://drive.google.com/file/d/1d1NPAGqGrZaAvu4boz53B_oFIopkB2HH/view,The Hobbit: The Battle of the Five Armies,2014,"פנטזיה, הרפתקאות",144,החלק השלישי בסדרת הסרטים שבהופיט מסכם את הקרבות הגדולים בין הארטים השונים על השליטה בהר האיזמרגד. הלהקה המופרדת צריכה להתגבש ולשרוד מול אויבים רבים תוך הבטחת ביטחון לממלכתם.
דמדומים,Qbzn  - דמדומים 1 .mp4,https://drive.google.com/file/d/1YMy6JnjbNR7QRu6xwXdsWCNZi45b2bI6/view,Qbzn  - דמדומים 1 .mp4,N/A,N/A,N/A,N/A
דמדומים,Qbzn  - דמדומים 2.mp4,https://drive.google.com/file/d/1rZTDmxIYd-EYYam8qu7WkaP2mQayUe1w/view,Qbzn  - דמדומים 2.mp4,N/A,N/A,N/A,N/A
דמדומים,Qbzn  - דמדומים 3.mp4,https://drive.google.com/file/d/1wkuNFgSWCWh8yznOIx7bg9dY8l_VLFJq/view,Qbzn  - דמדומים 3.mp4,N/A,N/A,N/A,N/A
דמדומים,Qbzn  - דמדומים 4 - חלק 1.mp4,https://drive.google.com/file/d/1uudMX5GueM421CZUkdZ7GN_6on03JQwp/view,Qbzn  - דמדומים 4 - חלק 1.mp4,N/A,N/A,N/A,N/A
דמדומים,Qbzn  - דמדומים 4 - חלק 2.mp4,https://drive.google.com/file/d/19R6l3DpFSojp5BcxIVHLAxFq0cQ-5srJ/view,Qbzn  - דמדומים 4 - חלק 2.mp4,N/A,N/A,N/A,N/A
מטריקס,Qbzn - מטריקס 1_1999.mp4,https://drive.google.com/file/d/1QuNUfB6c3QjJRwJHdg7STfnqUEouhqfc/view,The Matrix,1999,"מדע בדיוני, אקשן",136,נער בשם תומאס אנדרסון מגלה שהעולם בו הוא חי הוא סימולציה מחשבית בשם 'המטריקס'. הוא מצטרף להתנגדות במאבק נגד המכונות ששולטות על האנושות. הסרט משלב פעולה מרתקת עם רעיונות פילוסופיים על מציאות וחופש.
מטריקס,Qbzn - מטריקס 2_2003.mp4,https://drive.google.com/file/d/1-8QpIWYIDBPqvFcKW8dF-iNg6fthbrvg/view,The Matrix Reloaded,2003,"מדע בדיוני, פעולה",138,"נאו ממשיך במאבקו לשחרר את האנושות מעולם המטריקס, בעודו מגלה סודות חדשים על המציאות והסיבה למאבק. הוא משתף פעולה עם עוזריו כדי להילחם בכוחות המכונות ולשנות את גורל העולם."
מטריקס,Qbzn - מטריקס 3_2003.mp4,https://drive.google.com/file/d/16cvDUjpdivHsWPJx8GQ8wt3IZuZ0y58L/view,The Matrix Revolutions,2003,"מדע בדיוני, פעולה",129,"בחלק השלישי של טרילוגיית מטריקס, המאבק הסופי בין האנושות למכונות מתקרב לשיאו. ניאו חייב להתמודד עם גורלו ולמצוא דרך להציל את האנושות מהשמדה מוחלטת. הסיפור מתמקד בקרבות אפיים והחלטות גורליות שמשנות את המציאות."
מטריקס,Qbzn - מטריקס 4_2021.mp4,https://drive.google.com/file/d/1BHQjVGThkTNFDEhltke62WfX56OKs1z9/view,The Matrix Resurrections,2021,"מדע בדיוני, פעולה, פנטזיה",148,"נאו חוזר לעולם המטריקס ומגלה שהמציאות שלו לא כפי שחשב. כשהקווים בין אמת לדמיון מטושטשים, הוא צריך להילחם שוב במערכת כדי לשחרר את עולמו. הסרט משלב פעולה מתקדמת עם שאלות פילוסופיות על מציאות וחופש הבחירה."
אשמתי,Qbzn - אשמתי 1_2023.mp4,https://drive.google.com/file/d/13k_mckzbCxztvwv4mC7YD_QmkyE64hM1/view,Qbzn - Ashmati,2023,דרמה,120,"הסרט עוסק בסיפור מורכב של אשמה ופיוס, כאשר הדמויות המרכזיות מתמודדות עם השלכות המעשים שלהם. העלילה חושפת את התהליכים הרגשיים והמשפטיים שמעמידים את היחסים לקצה. דרמה עוצמתית על טלטלות פנימיות ולקיחת אחריות."
אשמתי,Qbzn - אשמתי 2_2024.mp4,https://drive.google.com/file/d/1yKJCGM8GFCP-4EC0NNKp3dvaRrii4qYz/view,Qbzn - My Fault 2,2024,"דרמה, פעולה",120,"הסרט ממשיך את הסיפור של הגיבור המתמודד עם השלכות מעשיו בעבר. הוא מוצא עצמו שוב במאבק נגד כוחות שמנסים להרוס את חייו, תוך כדי ניסיון למצוא גאולה אישית."
אשמתי,Qbzn - אשמתי_3 • דרייבפליקס • 2025.mp4,https://drive.google.com/file/d/1gLztWWI-kSL9615zAwkkNv0TB8mdjFxt/view,Guilt,2025,"מותחן, דרמה",120,"בסרט מותחן דרמה זה, גיבור הסרט מתמודד עם השלכות מעשיו לאחר תאונה שמטרידה אותו נפשית. העלילה חוקרת מושגים של אשמה וכפרה כשהדמות שואפת למצוא שלום פנימי תוך כדי מאבק עם העבר."
אשמתי,Qbzn • אשמתי לונדון.mp4,https://drive.google.com/file/d/1za6mXvvms39DxN5DoJCBGSgUSlYpgZhM/view,Gaza Mon Amour,2020,"דרמה, רומנטיקה",93,"סיפור אהבה עדין בין דייג זקן בעזה אשר מגלה פסל עתיק לשם שינוי גורלו, לבין עובדת בית מרקחת צעירה. הסרט מציג את המורכבות של החיים בעזה דרך עיניים אנושיות ונוגעות ללב."
