title,year,genre,duration,summary,link
צוות ההרס,2026,"פעולה, קומדיה, פשע",כ־110 דק',"📝 תקציר: צוות של סוכנים לשעבר נקרא לחזור לפעולה במשימה שנראית פשוטה על הנייר. מהר מאוד העניינים מסתבכים, והמבצע גולש לכאוס של פיצוצים, בגידות ואקשן בלתי פוסק. בין קרבות ירי להומור חד, החבורה מגלה שלא ניתן לסמוך על אף אחד. כשהשעון מתקתק, הם מבינים שהדרך היחידה לצאת מזה חיים היא להרוס הכול בדרך.",https://drive.google.com/file/d/1Lk7Cu-7yY3qCjeYvUThRlYc8Dm6mViXo/view?usp=drivesdk
ציידי הקרטלים,2025,"פעולה, פשע, מתח",כ־110 דק',"📝 תקציר: יחידת אכיפה מיוחדת פועלת באזורי גבול מסוכנים במטרה להפיל קרטלי סמים אלימים. כל מבצע הופך למסוכן יותר כשהקרטלים מגיבים באכזריות ומפעילים רשתות חיסול מתוחכמות. בין מרדפים, יריות ובגידות, חברי היחידה מגלים שהאויב האמיתי לא תמיד נמצא מעבר לגבול. סרט פעולה קשוח עם קצב גבוה ואווירה מתוחה.",https://drive.google.com/file/d/1kcMI0y3kEKWvzqGqBiOTuOFOn7uoR0We/view?usp=drivesdk
לנצח נצחים,2025,"דרמה, רומנטיקה, מדע בדיוני",כ־112 דק',"📝 תקציר: בעולם שבו טכנולוגיה חדשנית מבטיחה להאריך חיים ואף “להקפיא” רגעים לנצח, זוג אוהבים ניצב בפני החלטה גורלית. כאשר מחלה קשה מאיימת להפריד ביניהם, מוצעת להם אפשרות לשנות את חוקי הזמן עצמו. אך ככל שהם מתקרבים לבחירה, הם מגלים שלחיי נצח יש מחיר רגשי ומוסרי כבד. דרמה רומנטית מרגשת על אהבה, זמן והמשמעות האמיתית של לנצח. אצלכם🔥 מבית דרייבפליקס🫰🏼",https://drive.google.com/file/d/1wwmMD3Kiiv3-MBatRKaJaAx-ClaqM-Xh/view?usp=drivesdk
הנאשם,2026,"פעולה, מתח",כ־100 דק,"📝 תקציר: בלש לשעבר מוצא את עצמו מואשם בפשע שלא ביצע ונרדף בידי הרשויות. כשהראיות נערמות נגדו, הוא מבין שמדובר במזימה מתוכננת היטב שמטרתה להשתיק אותו. במרוץ נגד הזמן הוא יוצא לחשוף את האמת, תוך שהוא נמלט מכוחות החוק ומהאויבים שמאחורי הקלעים. מותחן אקשן קצבי על הישרדות, צדק וניסיון לנקות את השם בכל מחיר.",https://drive.google.com/file/d/1aKnTMUTxONzNFkkrEGBuqyroFEODzQpv/view?usp=drivesdk
עוזרת הבית,2025,"מתח, דרמה",כ־105 דק',"📝 תקציר: אישה צעירה מתקבלת לעבודה כעוזרת בית בבית יוקרתי ומסתורי. בהתחלה הכול נראה מושלם, אך אט־אט נחשפים סודות מטרידים והתנהגות חריגה של בני הבית. המתח גובר כשהיא מבינה שהיא חלק ממשחק מסוכן של שליטה ומניפולציה. האמת שמתגלת מאיימת לשנות את חייה – ואולי אף לסכן אותם. כולנו חיכינו לו ועכשיו הוא כאן 🔥_",https://drive.google.com/file/d/1eFBKdEuoVGi7mUyH_SL2jcwo-dmJeG41/view?usp=drivesdk
הסוכן החשאי,2015,"דרמה, מתח, ריגול",כ־100 דק',"📝 תקציר: בעולם של קונספירציות ואינטרסים סמויים, סוכן חשאי מוצא את עצמו בלב מזימה פוליטית מסוכנת. כשהוא נשלח למשימה שנראית שגרתית, מתברר לו שהוא רק כלי במשחק גדול בהרבה. רשת של בגידות, לחצים וסודות מאיימת לחשוף את האמת – אך גם לסכן את חייו. מותחן ריגול קודר על נאמנות, זהות והמחיר של חיים בצללים.",https://drive.google.com/file/d/13SZ-b-VALzxjdtD9ikYccwqNKf7rfzbe/view?usp=drivesdk
משפחה נורמלית,2023,"דרמה, מתח",כ־115 דק',"📝 תקציר: שני אחים מצליחים ובני משפחותיהם נפגשים לארוחות ערב שגרתיות לכאורה, אך מתחת לפני השטח רוחשים מתחים וסודות. כאשר אירוע אלים מטלטל את חייהם, הם נאלצים להתמודד עם דילמה מוסרית קשה שמעמידה את ערכיהם למבחן. הגבול בין נאמנות משפחתית לצדק מתחיל להיטשטש, והחלטותיהם חושפות צדדים אפלים שלא הכירו. דרמה מתוחה וחודרת על מוסר, הורות והמחיר של שמירה על תדמית “נורמלית”.",https://drive.google.com/file/d/1cKED29j7GReT68aTd0f5nSXdDN_5u3A8/view?usp=drivesdk
כביש הגנבים,2025,"פעולה, פשע, מתח",כ־110 דק',"📝 תקציר: נהג משאיות לשעבר נשאב לעולם ההברחות לאורך ציר כביש מסוכן הנשלט בידי ארגוני פשע. כשהוא מסתבך בעסקה גדולה מדי, הוא מגלה שרשת שלמה של מושחתים – מעבריינים ועד גורמים בכירים – מעורבת במשחק. המרדף אחר כסף גדול הופך למאבק הישרדות על החיים עצמם. מותחן כבישים קשוח עם אווירה אפלה והרבה אקשן תחת לחץ.",https://drive.google.com/file/d/1WRsJd4ZiUeJl-D6ZHLNdYyeKWskDFPUc/view?usp=drivesdk
לוויתן קטלני,2024,קומדיה,כ־84 דק',"📝 תקציר: צוות חוקרים יוצא למשימה ימית שגרתית בלב האוקיינוס, אך נתקל בלוויתן קטלני ואגרסיבי במיוחד. מה שמתחיל כתיעוד מדעי הופך במהרה למאבק הישרדות אכזרי מול יצור אינטליגנטי וחסר רחמים. כשהספינה ניזוקה והעזרה רחוקה, הצוות נאלץ להתמודד עם פחד, לחץ והים הסוגר עליהם. מותחן ימי מצמרר על הטבע כשהוא יוצא משליטה. שבת מכה 🔥 קומדיה חדה ושנונה שמביאה את הכאוס המשפחתי אל המסך הגדול בצורה מצחיקה במיוחד. 🎥 הוקרן בפסטיבלים וזכה לתגובות חמות מהקהל על הקצב הקומי והדיאלוגים השנונים. 📝 תקציר: ארוחת שבת חגיגית שבה שני זוגות הורים נפגשים לראשונה יוצאת במהירות משליטה. שרשרת טעויות, סודות והפתעות בלתי צפויות הופכים את הערב למערבולת קומית בלתי נשכחת. קומדיה קצבית על משפחה, תרבות ומה קורה כשהכול משתבש ברגע הלא נכון. https://drive.google.com/file/d/1zUFf6QMzEIcals9yfyNh3g5JyL-X1Ngh/view?usp=drivesdk",https://drive.google.com/file/d/155LeB61PaBYXFxlAqrB3RqAcj60nWavM/view?usp=drivesdk
ליל הדובים,2026,"אימה, מתח, הישרדות",כ־102 דק',"📝 תקציר: קבוצת מטיילים יוצאת לחופשת קמפינג באזור הררי ומבודד, אך הלילה מקבל תפנית קטלנית. דוב גריזלי עצום ומסוכן מתחיל לתקוף לאחר שטריטוריית המחיה שלו מופרעת. כשהם לכודים ביער חשוך ללא קליטה או דרך מילוט ברורה, עליהם להילחם כדי לשרוד. מותחן הישרדות אינטנסיבי עם טבע פראי שהופך לזירת אימה חסרת רחמים.",https://drive.google.com/file/d/1Qz_fzOdzsUNIBvz63sJMNqQmOyCneThm/view?usp=drivesdk
לילה לא שקט,2025,"אימה, מתח",כ־105 דק',"📝 תקציר: בעיירה שקטה ערב חג המולד, דמות מסתורית בתחפושת סנטה מטילה אימה על התושבים. מה שמתחיל כאירוע אלים בודד הופך למסע רצח אכזרי שמטלטל את הקהילה כולה. עבר טראומטי וסודות ישנים צפים מחדש, כשאיש אינו יודע מי יהיה הקורבן הבא. סרט אימה אפל ואינטנסיבי שמשלב אווירת חג מצמררת עם מתח בלתי פוסק.",https://drive.google.com/file/d/1ApYgYq_fs_T2mzrLoab7IJo7O4cpKqko/view?usp=drivesdk
מול הלהבות,2026,"פעולה, מתח",כ־112 דק',"📝 תקציר: כאשר שריפות ענק מתפרצות ומתפשטות במהירות לעבר אזורים מיושבים, צוות לוחמי אש מובחר נשלח לעצור את האסון לפני שיהיה מאוחר מדי. בשטח בוער וחסר רחמים, הם מתמודדים לא רק עם הלהבות אלא גם עם תקלות, לחצים וסכנות בלתי צפויות. ככל שהמשימה מסתבכת, מתברר שיש מי שמרוויח מהכאוס. סרט קצבי ואינטנסיבי על גבורה, הקרבה והמאבק האנושי מול מציאות הרסנית.",https://drive.google.com/file/d/1adF7ZBQ9C-I_yVtymK9DTVfnwSWbZan4/view?usp=drivesdk
המנט,2025,דרמה היסטורית,כ־95 דק',"🔥 דרמה עוצמתית, מרגשת וסוחפת שכבשה את לב הצופים והמבקרים כאחד – חוויה קולנועית עמוקה שנוגעת בנשמה.* 🎥 משודר בימים אלו גם בקולנוע וזוכה לשבחים על המשחק, הצילום והעומק הרגשי.* 📝 תקציר: באנגליה של המאה ה־16, משפחה מתמודדת עם אובדן כבד שמטלטל את חייה מן היסוד. הטרגדיה האישית מחלחלת אל תוך היצירה והופכת למקור השראה עמוק וכואב. הסיפור מציג מבט אינטימי על אהבה, אבל והכוח של האמנות להנציח זיכרון. סרט מרגש במיוחד עם צילום מרהיב, משחק איכותי ואווירה היסטורית אותנטית שמעמיקה את החוויה.",https://drive.google.com/file/d/12-O8t2QVdXChly8aKZPP2NL1vF2ae_Of/view?usp=drivesdk
בובספוג הסרט: מחפשים את מכנסמרובע,2025,"אנימציה, הרפתקאות, קומדיה, משפחה",כ־95 דק',"📝 תקציר: כאשר בובספוג נעלם בנסיבות מסתוריות, פטריק וחבריו יוצאים למסע פרוע ברחבי ביקיני בוטום ומעבר לה. בדרך הם פוגשים דמויות משונות, אויבים ישנים והרפתקאות מפתיעות במיוחד. החיפוש אחר מכנסמרובע האהוב הופך למסע של חברות, אומץ והמון הומור מטורף. סרט צבעוני וקצבי לכל המשפחה עם כל השיגעון והקסם של בובספוג.",https://drive.google.com/file/d/1KeY5N_3lZjKxQxpuizkqQuUTZz555046/view?usp=drivesdk
פזיז,2026,פעולה,כ־104 דק',"📝 תקציר: כאשר פעולה שנראתה פשוטה מסתבכת וגוררת שרשרת אירועים מסוכנת, אדם אחד מוצא את עצמו עמוק בתוך עולם של פשע ובגידה. כדי לשרוד ולחשוף את האמת הוא נאלץ לפעול במהירות — גם אם זה אומר לקחת סיכונים גדולים. סרט פעולה חד ומהיר על גבולות האחריות והמחיר של החלטה פזיזה אחת.",https://drive.google.com/file/d/1GpKn9UUom6permiPX6m2UhUO16NnIfr9/view?usp=drivesdk
קרב בראשית,2025,"פעולה, אימה, מדע בדיוני, מלחמה",כ-133 דק’,"📝 תקציר: בשנת 1968, בזמן מלחמת וייטנאם, יחידת סיור של הצבא האמריקאי — Vulture Squad — נשלחת עמוק לתוך עמק ג’ונגל מבודד בחיפוש אחר פלוגת גרין ברטס שנעלמה. אך במקום אויב אנושי הם נתקלים בדינוזאורים פרהיסטוריים, תוצאה של ניסוי סודי ששוחרר בסביבה. מה שיש אמור להיות מבצע הצלה פשוט מנוגד במהרה למאבק הישרדות עז נגד יצורים חייתיים שלא נראו במשך מיליוני שנים. החיילים נאלצים להילחם לא רק בשיניים ולסתות אלא גם ברעידות פסיכולוגיות כשהם מנסים להציל את עצמם ומשפחותיהם.",https://drive.google.com/file/d/1IJUCUYdaMACPaxyTlMXdmQnrN9tmxN1y/view?usp=drivesdk
אלה מקיי,2025,"קומדיה, דרמה",כ־112 דק',"📝 תקציר: קומדיה דרמטית חדה ושנונה שעוקבת אחר אלה מקיי — אישה כריזמטית ושאפתנית שנכנסת לעולם הפוליטיקה ומגלה שהדרך לפסגה מלאה במכשולים לא צפויים. בין לחצים ציבוריים, אינטרסים נסתרים ואתגרים אישיים, היא נאלצת לאזן בין אידיאלים למציאות מורכבת. הסרט משלב הומור חכם עם רגעים אנושיים ומרגשים, ומציג סיפור על כוח, בחירות ומשמעות האחריות הציבורית.",https://drive.google.com/file/d/1GTYIiDWpdYtpb2uukhu3nDXvIiCoiFH9/view?usp=drivesdk
המגן,2026,"פעולה, מתח",כ־109 דק',"📝 תקציר: עוד סרט אקשן עוצמתי בכיכובו של Jason Statham, שמביא למסך את הסטייל המחוספס והקטלני שהפך לסימן ההיכר שלו. כאשר משימת אבטחה מסתבכת וחושפת רשת פשע מסוכנת, לוחם מיומן מוצא את עצמו נלחם לבדו מול מערכת מושחתת. ככל שהאמת נחשפת, כך הקרב הופך אישי יותר — והוא נחוש לסגור חשבון בכל מחיר. מותחן פעולה מהיר, חד ואינטנסיבי עם קרבות ישירים, מרדפים עוצמתיים וגיבור שלא עוצר עד שהמשימה מושלמת. לסגירת השישי לצד ההכי טוב שאפשר😎_",https://drive.google.com/file/d/1tWx7bznu8ilS49pdOLrjiAcEKEohxp48/view?usp=drivesdk
אוסקר שו,2025,"פעולה, פשע, מתח",כ־108 דק',"🔥 מותחן פשע קצבי שמביא למסך סיפור על עלייה מהתחתית אל לב העולם הפלילי. 📝 תקציר: אוסקר שו, צעיר שאפתן עם עבר מורכב, נשאב לעולם הפשע המאורגן בניסיון להוכיח את עצמו. מה שמתחיל כהזדמנות להתקדם במהירות הופך למאבק הישרדות מול אויבים מבית ומחוץ. כשהגבולות בין נאמנות לבגידה מיטשטשים, אוסקר נאלץ לבחור מי הוא באמת — ומה הוא מוכן להקריב כדי לשרוד.",https://drive.google.com/file/d/1bDwnPTjk3hBrbQjGfVfbJUEG2XyEcBcv/view?usp=drivesdk
מתוך האדמה,2024,"אימה, מתח",כ־95 דק',"📝 תקציר: כאשר תופעה מסתורית מתחילה לפקוד עיירה מבודדת, תושבים מגלים כי המתים אינם נשארים קבורים. ככל שהאירועים מתעצמים, קבוצה קטנה נאבקת להבין מה עומד מאחורי האימה — והאם ניתן לעצור אותה. מותחן אימה קודר שמשלב פחד פסיכולוגי עם תחושת איום מתמדת.",https://drive.google.com/file/d/1K1FH7D4V1JFjrplSAO5zVyYJbjA5Vvf2/view?usp=drivesdk
קוף הדם,2026,"אימה, מתח, מדע בדיוני",כ־110 דק',"🔥 יצירת אימה עוצמתית שמסכמת בין מתח פסיכולוגי לפחד טהור, עם יצור מדהים ומפחיד שמאתגר את כל מה שהכרתם. 🎥 משודר בקולנוע וזוכה לתגובות מטורפות, על האווירה המאפילה והעלילה המתפתלת שמחזיקה את הצופה דרוך. 📝 תקציר: קוף רב־עוצמה שנחשב למחקר מתקדם בודק את גבולות הביולוגיה — עד שכוחותיו משתחררים באלימות בלתי צפויה. היצורים במדינה נראים בתחילה מבדרים וסקרניים, אך במהרה מתגלים כיצורים קטלניים שמתחילים לצאת משליטה. קבוצה של מדענים וציידים נאלצת להתמודד עם הסכנה שחורגת מכל חוק טבע.",https://drive.google.com/file/d/1rJ0KHGqqSEiiZYBY-1UOMkLsCW9MaWqs/view?usp=drivesdk
לבנות מחדש,2025,דרמה,כ־96 דק',"📝 תקציר: לאחר טרגדיה קשה שמטלטלת את חייו, אדם מנסה להתחיל מחדש ולבנות את עולמו מחדש. במהלך הדרך הוא פוגש אנשים שמאתגרים את תפיסותיו ומעניקים לו הזדמנות למצוא תקווה במקום שבו הכול נראה אבוד. סיפור אנושי מרגש על אובדן, כוח פנימי והיכולת לקום מחדש לאחר נפילה.",https://drive.google.com/file/d/1c8EqngT-XqoY7Y28EDEyO96A42-bhY-q/view?usp=drivesdk
חייו של צ'אק,2024,"דרמה, פנטזיה, מדע בדיוני",כ־111 דק',"📝 תקציר: סיפור יוצא דופן המתמקד בחייו של אדם רגיל לכאורה בשם צ'אק, כאשר סיפורו נחשף בצורה לא שגרתית דרך רגעים שונים מחייו. העלילה משלבת זיכרונות, חלומות ואירועים מסתוריים שמרכיבים יחד פסיפס של חיים מלאי משמעות. זהו סיפור מרגש על זמן, גורל וההשפעה השקטה של אדם אחד על העולם סביבו.",https://drive.google.com/file/d/1b-jSM3gGn6eEyqLdmDcAbR53WjJ_FJLC/view?usp=drivesdk
28 שנה אחרי: מקדש העצמות,2026,אימה,כ־109 דק',"📝 תקציר: המשך לסרט ""28 שנה אחרי"". בשנת 2025, ד""ר קלטון מוצא את עצמו בעיירה מבודדת הנשלטת על ידי שכבות שונות של נגועים שעברו מוטציות מסוכנות. כאשר סיפורו נפגש עם סיפורם של ספייק וג'ימי קריסטל, מתברר כי הנגועים כבר אינם האיום היחיד – אלא גם בני האדם עצמם. בעולם שבו הגבול בין הישרדות לאנושיות מיטשטש, המאבק האמיתי הוא לא רק נגד המפלצות, אלא גם נגד מה שהאנושות עלולה להפוך אליו.",https://drive.google.com/file/d/1WFypy8mWh0hmVnJyjqB-vmMmSF2jYLBw/view?usp=drivesdk
הצייד,2026,"מסתורין, פשע",כ־105 דק',"📝 תקציר: אח טיפול נמרץ מתנדב לסייע בטיפול בחולה בתרדמת שמואשם ברצח של שש נשים צעירות. ככל שהוא מתקרב למקרה, הוא נשאב לרשת מסוכנת של סודות, שקרים ואובססיה, בזמן שבלש נחוש מנסה לחשוף את האמת לפני שהרוצח יכה שוב. החקירה מסתבכת במהירות וכל גילוי חדש מוביל לעוד שכבה של מסתורין שמקרבת לסיום מצמרר.",https://drive.google.com/file/d/1xslD5ESZV_XdTP3VfpZCk3BhJbBiaO-V/view?usp=drivesdk
מכונת מלחמה,2026,"פעולה, מדע בדיוני",כ־107 דק',"📝 תקציר: במהלך השלב האחרון והקשה ביותר במיון ליחידת הריינג’רס של צבא ארצות הברית, קבוצת לוחמים מובחרת יוצאת לתרגיל אימונים שנועד לבחון את גבולותיהם. אולם מה שאמור להיות מבחן צבאי מבוקר הופך במהרה לקרב הישרדות אמיתי כאשר הם נתקלים באיום מסתורי וקטלני שמעבר לכל מה שהכירו. כעת על הצוות להתמודד עם סכנה בלתי צפויה ולהילחם על חייהם בזמן שהמשימה יוצאת משליטה.",https://drive.google.com/file/d/17uMxSqNxq7q4QDY6sP2DQT8AnMIzt6n8/view?usp=drivesdk
חסר דעת,2026,פשע,כ־101 דק',"📝 תקציר: כאשר סדרת אירועים מסתוריים מתחילה לחשוף סודות מסוכנים, גיבור הסיפור מוצא את עצמו לכוד במשחק של מניפולציות והטעיות. ככל שהוא מתקרב לאמת, כך הוא מגלה שהכול היה חלק מתוכנית גדולה בהרבה. סרט פשע חכם ומלא הפתעות שבו שום דבר אינו כפי שהוא נראה.",https://drive.google.com/file/d/1V2V0TvuKltELRaKW78hB2nJ58eVemG0h/view?usp=drivesdk
אלפא,2025,"דרמה, אימה",כ־103 דק',"📝 תקציר: אלפא, נערה בת 13, חיה עם אמה החד-הורית שעובדת כרופאה בבית חולים, בשגרה שנראית רגילה לחלוטין. יום אחד היא חוזרת מבית הספר עם קעקוע מסתורי על הזרוע – אירוע קטן לכאורה שמתחיל לפרק את עולמה של המשפחה. ככל שהמציאות מתערערת, סודות אפלים נחשפים והמתח גובר, כשהגבול בין מציאות לאימה הולך ומיטשטש.",https://drive.google.com/file/d/1HbpTJKb8D4jhMkHmGKLq6TUDJzBprBpC/view?usp=drivesdk
"בהצלחה, תהנו, אל תמותו",2025,"פעולה, קומדיה, מדע בדיוני",כ־101 דק',"📝 תקציר: ""איש מהעתיד"" מגיע לדיינר בלוס אנג'לס, שם עליו לגייס את השילוב המדויק של לקוחות ממורמרים שיצטרפו אליו למסע של לילה אחד. יחד, הם יוצאים למרוץ נגד הזמן במטרה לעצור איום קטלני של בינה מלאכותית סוררת שמאיימת על עתיד האנושות. בין כאוס, הומור ואקשן בלתי פוסק, החבורה הלא צפויה תצטרך לשתף פעולה כדי להציל את העולם לפני שיהיה מאוחר מדי.",https://drive.google.com/file/d/1HLUjdh2_LKnx5u-WwGSwF93J6-aTdu34/view?usp=drivesdk
הדבר הזה,2026,קומדיה / אימה / מדע בדיוני,99 דק',"ליאם ניסן מביא איתו בשנת 2026,  נוכחות קשוחה, כוח אקשן וכמה שטויות משוגעות שמוסיפות צבע לסיפור. קומדיית אימה ביזארית ומלאת אקשן שעלתה בבתי הקולנוע ועכשיו גם ב־DriveFlix 🔥 📝 תקציר: שני עובדים פשוטים נקלעים לסיוט כשיצור מסוכן משתחרר ממתקן סודי. מה שמתחיל כמו עוד יום עבודה רגיל הופך במהרה לקרב הישרדות מטורף מלא בהומור שחור, כאוס ואדרנלין בלי הפסקה. במהלך הסרט הם מגלים סודות אפלים שמאיימים לערער את כל הסדר.",https://drive.google.com/file/d/1gnqol5qnHr9GiI4wxVgua4ArASVNUZgh/view?usp=drivesdk
כלב 51,2025,פשע / מדע בדיוני,100 דק',"📝 תקציר: בעתיד קרוב שבו פריז מחולקת לאזורים הנשלטים ע""י תאגידים שונים, גופה מסתורית מתגלה באזור היוקרתי ALMA. שלושה בלשים מרקעים שונים נאלצים לשתף פעולה בחקירה מורכבת, אך במהרה מגלים סודות אפלים שמאיימים לערער את כל הסדר הקיים.",https://drive.google.com/file/d/1kNcrkT3GRuWsMv-RcwrnBo72Z8txSq7A/view?usp=drivesdk
השריקה,2025,אימה,100 דק',"📝 תקציר: קבוצת תלמידי תיכון מוצאת במקרה שריקה מסתורית בעלת כוחות אפלים, ומגלה במהרה שכל מי שמשתמש בה מזמן אליו מוות אכזרי. כשהמצב יוצא משליטה והסכנה מתקרבת, הם נאלצים להתמודד עם כוח אפל עתיק ולהבין כיצד לעצור אותו לפני שיהיה מאוחר מדי.",https://drive.google.com/file/d/1z_DTCQ4mCNWfgUCkcyCxlpMHTbtyaiZs/view?usp=drivesdk
פריצה ללב,2025,"רומנטיקה, קומדיה, מתח",כ־85 דק',"📝 תקציר: כשפולשים לביתו במהלך סוף שבוע שקט, גבר צעיר מוצא את עצמו במצב בלתי צפוי כאשר אחת הפורצות משנה לחלוטין את מהלך האירועים. מה שמתחיל כפלישה מסוכנת הופך בהדרגה למפגש מוזר ומלא מתח בין שני אנשים מעולמות שונים. בין סכנה, הומור ורגעים מפתיעים, נרקם קשר בלתי צפוי שמוביל את השניים למסע לא מתוכנן.",https://drive.google.com/file/d/1B99qOSwfPa9LdUzAJBJJwnUZUDfPAjQx/view?usp=drivesdk
להתאהב ברומא,2026,"קומדיה, רומנטיקה",כ־102 דק',"📝 תקציר: לאחר שכלתו נוטשת אותו ביום חתונתם, מאט מחליט לצאת לירח הדבש ברומא – לבדו ועם לב שבור. בעיר הרומנטית בעולם, הוא פוגש מקומית מסתורית וקבוצת נופשים צבעונית שמסרבת לתת לו לשקוע ברחמים עצמיים. מה שמתחיל כחופשה כושלת הופך להרפתקה מפתיעה, מלאה ברגעים מצחיקים, אהבה חדשה וגילוי עצמי בלתי צפוי.",https://drive.google.com/file/d/13ix_aQg7kfRFS7mTGTzb8wBPvz00SIow/view?usp=drivesdk
השורד האחרון 2,2025,"פעולה, פשע",כ־105 דק',"📝 תקציר: ג'ק מורגן, לוחם כוחות מיוחדים לשעבר, חוזר לביתו עם אשתו ההרה – אך מוצא את עצמו בלב מתקפה אלימה שמשנה את חייו לנצח. לאחר טרגדיה קשה ושנות מאסר, הוא משתחרר ומגלה שהאחראים הם בניו של ראש פשע אכזרי שמחפש גם את אדמתו וגם נקמה. כעת, כשהוא חדור מטרה ונחוש יותר מתמיד, ג'ק מתכונן לעימות בלתי נמנע שבו רק צד אחד ישרוד.",https://drive.google.com/file/d/1aR4Puln_Y6AZHpFbGF90TdIHE0M4KB9H/view?usp=drivesdk
הסוכן זטא,2025,"פעולה, ריגול, מתח",כ־110 דק',"📝 תקציר: מותחן ריגול ספרדי סוחף שבו ארבעה קציני מודיעין לשעבר נרצחים בו-זמנית ברחבי העולם, ומובילים לחשיפת עבר סודי ומסוכן. שירות הביון הספרדי מגלה קשר למבצע חשאי בקולומביה מלפני 35 שנה – ולסוכן חמישי שנעלם ללא עקבות. הסוכן המיומן זטא נשלח לאתר אותו, אך מגלה שגם סוכנת מסתורית בשם אלפא נמצאת במרדף, כששניהם חושפים בהדרגה סודות מדינה אפלים וסוכן-צל מסתורי שעשוי להיות המפתח להכול.",https://drive.google.com/file/d/1DdTnxKeFUDLggSwzW_e_v3lu41h9pUQp/view?usp=drivesdk
כנופיית ברמינגהם: בן אלמוות,2026,"פשע, דרמה",כ־118 דק',"📝 תקציר: סרט המשך לסדרת הפשע הבריטית המצליחה, כאשר טומי שלבי חוזר לבמה בתקופה האפלה של מלחמת העולם השנייה. ברמינגהם, 1940 – העיר תחת הפצצות כבדות, וטומי, שחי בגלות מאז 1936, נאלץ לשוב ולהתמודד עם עברו, עם משפחתו ועם אויבים חדשים. בעולם שבו הכול מתפרק סביבו, הוא נדרש לקבל החלטות גורליות שיקבעו את עתידו ואת עתיד האימפריה שבנה.",https://drive.google.com/file/d/1qyi-jzR9ey48FEIn3L6XoWtuiC3csfbz/view?usp=drivesdk
קוד מסוכן,2024,"מתח, מדע בדיוני",כ־94 דק',"📝 תקציר: האנה היא גיימרית מקצועית עם כישורים יוצאי דופן בעולם הווירטואלי, שמקבלת הזדמנות לנסות ציוד חדשני שמתחבר ישירות למוחה. יחד עם חברתה ג'ן, היא מגלה שהטכנולוגיה לא רק קוראת את מחשבותיה – אלא גם מתחילה להשפיע עליהן ולשלוט בהן. ככל שהן נשאבות עמוק יותר לעולם של מציאות מדומה, הגבולות בין אמת לאשליה מיטשטשים, והאנה מבינה שהיא חלק מניסוי מסוכן שאין ממנו דרך חזרה.",https://drive.google.com/file/d/1vsDeTFqMjQr_WU9o4zScUI8RdvGOG7hO/view?usp=drivesdk
דויד: הסרט,2025,"אנימציה, הרפתקאות, משפחה",כ־108 דק',"📝 תקציר: סרט אנימציה הרפתקאות הוליוודי לכל המשפחה המביא אל המסך הגדול את סיפורו מעורר ההשראה של דויד – רועה צאן צעיר שהפך לגיבור ולאחר מכן למלך. כאשר הענק גוליית מטיל אימה על האומה העברית, דויד יוצא לקרב כשהוא חמוש רק בקלע, אבנים ואמונה בלתי מעורערת. נרדף על ידי גורל ומונע על ידי שליחות, מסעו בוחן את גבולות האומץ, הנאמנות והאהבה – ומוביל לעימות מכריע על עתיד הממלכה כולה. הסרט מציג עולם חזותי עשיר בהשראת נופי ארץ ישראל – מהרי יהודה ועד עמק האלה – עם דמויות מלאות חיים וקול מרגש.",https://drive.google.com/file/d/1etn0DSdl7hZAKAE6Nag6J35GG8k3Cdiq/view?usp=drivesdk
האשליה 3,2025,"מתח, פשע, אקשן",125 דקות,"📝 תקציר: קבוצת הקוסמים חוזרת למופע המסוכן והשאפתני ביותר שלה. שוד חדש ומתוחכם מציב אותם מול יריבים חכמים וחזקים מאי פעם. האשליות גדולות יותר, הסיכונים קיצוניים והמשחק משתנה. כשהקלפים נחשפים, מתברר שלא כולם יודעים מי באמת שולט במופע.",https://drive.google.com/file/d/1ZIKPrmAG3oIPLJJdBPXH8H-ROhjY4PzE/view?usp=drivesdk
אנקונדה,2025,"אימה, מתח, הרפתקאות",כ־105 דק',"📝 תקציר: קבוצת חוקרים יוצאת למסע בג’ונגלים מסוכנים, בחיפוש אחר תגלית נדירה. מהר מאוד המשימה הופכת למאבק הישרדותי מול אנקונדה ענקית וקטלנית. הג’ונגל סוגר עליהם, הפחד גובר, וכל צעד עלול להיות האחרון. גרסה מחודשת ואינטנסיבית לסרט האימה האייקוני.",https://drive.google.com/file/d/1jldR1oS_qL5afSu2KqbhRBY8CZQupjUQ/view?usp=drivesdk
שובר העולמות,2025,"מדע בדיוני, אקשן, אימה",95 דק',"📝 תקציר: העולם כפי שאנו מכירים אותו נסדק לאחר קרע מסתורי במציאות. יצורים קטלניים ממימד אחר, המכונים “Breakers”, חודרים לעולמנו ומשנים את מי שהם תוקפים. כאשר האנושות קורסת והגברים נופלים ראשונים, נשים מובילות את המאבק להישרדות. עוד סרט בכיכובה של מילה גובוביץ’, בסיפור אפוקליפטי על אב שמסתיר את בתו באי מבודד ומכשיר אותה לשרוד. הכול משתנה כשילדה מסתורית נסחפת לחוף – והאיום האמיתי מתגלה במלוא עוצמתו. מאבק עוצר נשימה על הישרדות, משפחה ועתיד האנושות.",https://drive.google.com/file/d/1LisLgbWnnCtnn9mYBC7kfdqqqUGtZ8mP/view?usp=drivesdk
גרינלנד: בתנועה,2025,"אסון, מתח, דרמה",כ־115 דק',"📝 תקציר: המשך ישיר לסרט האסון המצליח גרינלנד. משפחת גאריטי יוצאת למסע מסוכן לעבר מקלט בטוח, כאשר כדור הארץ ממשיך להתמוטט ואיומים חדשים צצים בדרך. המאבק לשרוד הופך לקשה יותר, כשהסכנה לא מגיעה רק מהטבע – אלא גם מבני אדם. סרט עוצמתי על הישרדות, משפחה והבחירות הבלתי-אפשריות בקצה העולם.",https://drive.google.com/file/d/14cnYH7_foWe2YCB2qHxU3K44jZP5kKi2/view?usp=drivesdk
המתמחה,2026,"מתח, פעולה, דרמה",כ־115 דק',"📝 תקציר: צעירה שעברה הכשרה חשאית מילדות במסגרת תוכנית סודית בשם “ההתמחות” מחליטה להתקומם נגד המערכת שגידלה אותה. לאחר שנים של שליטה ומניפולציה, היא יוצאת לאתר ולגייס בוגרים נוספים של התוכנית. המטרה: לחשוף את האמת ולהפיל את הארגון מבפנים. אך מפעיליה בסוכנות הביון אינם מוכנים לאפשר דליפת סודות. כשה־CIA משיב מלחמה, המרד הופך למאבק הישרדותי מסוכן שבו אין דרך חזרה.",https://drive.google.com/file/d/1RCQGWuFORYqAvU-wlW0548CpstjZHLOx/view?usp=drivesdk
סינדרלה: הקללה,2024,"אימה, פנטזיה, מתח",כ־95 דק',"📝 תקציר: עיבוד אימה אפל ומעוות לאגדה הקלאסית. סינדרלה חיה בעולם של אכזריות ודיכוי, עד שכוחות אפלים משתחררים בתוכה. במקום חלום ואהבה, נולדת נקמה חסרת רחמים. האגדה המוכרת מתהפכת והופכת לסיוט מצמרר ואלים. הייתה התלבטות קלילה אם לא לעלות היות ויש סצינות לא סצינות, אך בכל זאת עלה. חם בבתי הקולנוע!! הסרט עלה לאקרנים ב-13 בפברואר 2026 (סוף שבוע יום האהבה) וכבר עשה רעש גדול . וכעת גם הגיע לVIP🪬",https://drive.google.com/file/d/12GUTneRF3BV6S4JKc37wGLBB2jKMb924/view?usp=drivesdk
אנקת גבהים,2026,"דרמה, רומנטיקה",136 דק',"📝 תקציר: עיבוד נוסף לרומן הקלאסי והנצחי ""אנקת גבהים"" מאת אמילי ברונט. ""אנקת גבהים"" נחשב עד היום לסיפור האהבה המרגש והמפורסם ביותר בספרות האנגלית. במרכזו ילד נטוש שאומץ על ידי בעליה של אחוזה בשם ""אנקת גבהים"" כאשר במשך שנותיו באחוזה הוא היה קורבן להתעללות ולהשפלה. בבגרותו נוצר קשר אישי ואינטימי בינו לבין קתרין, בתו של בעל הבית, ואהבתם פרחה בלב הערפילים של אדמת אנגליה. ⚠️ אזהרת תוכן: צפייה מומלצת לגילאי 18",https://drive.google.com/file/d/1K2ycdhXaiBGFv5NYA5hHRO-aXc0ZTxK6/view?usp=drivesdk
חבל של אדם מת,2025,דרמת פשע,105 דק',"📝 תקציר: דרמת פשע המבוססת על סיפור אמיתי, בפברואר 1977 נכנס למשרדו של אם-אל הול, נשיא חברת משכנתאות גדולה, לקוח בשם טוני קיריטסיס וחיפש אותו בכדי להתעמת איתו אודות חשד לרמאות. משמתברר לו שהנשיא בחופשה הוא לוכד את בנו, ריצ'רד הול, ולוקח אותו כבן ערובה באמצעות רובה ציד מקוצר שחובר למנגנון ""חוט של אדם מת"" — כבל המחובר מההדק אל צווארו של טוני עצמו, ויוצר קשר עם הרשויות וטוען שהוא יוציאו להורג אם המרמה לא תיחשף ברבים, ומכאן הסיפור רק ילך ויסתבך.",https://drive.google.com/file/d/1H9D64excJatelsI0C608RtdIbd8uHJv8/view?usp=drivesdk
המגנה האחרונה,2025,"פעולה, דרמה, פשע, אימה, פנטזיה, מותחן, מסתורין",כ־92 דק',"📝 תקציר: בעולם פוסט-אפוקליפטי שבו מקור המים המתוקים האחרון הפך למשאב הנדיר ביותר, כוחות שונים נאבקים להשיג שליטה עליו בכל מחיר. אסירה לשעבר הנלחמת על חירותה מוצאת את עצמה מגינה על ילד מסתורי, שעשוי להחזיק במפתח להצלת האנושות. במרוץ נגד הזמן ואל מול אויבים חסרי רחמים, השניים יוצאים למסע הישרדות שבו התקווה והסכנה הולכים יד ביד.",https://drive.google.com/file/d/1yf7mtLoIzS0aj9DomoHnOs92vNDkDf1v/view?usp=drivesdk
"מותק, לא!",2025,"קומדיה, פשע, מותחן, מסתורין",כ־89 דק',"📝 תקציר: האני דונהיו, בלשית פרטית בעיר הקטנה בייקרספילד שבקליפורניה, יוצאת לחקור סדרת רציחות מסתוריות שמובילות אותה אל הכנסייה המקומית. מאחורי הדלתות הסגורות מסתתר מנהיג כת תמהוני ומסוכן, והחקירה הופכת במהרה למסע אפל מלא סודות, מניפולציות ואמת מטרידה. ככל שהיא מתקרבת לפתרון, כך היא מבינה שהמקרה גדול ומסוכן בהרבה ממה שדמיינה. 🔞סצנות בודדות בלבד🔞",https://drive.google.com/file/d/1Li5Ae9BeDNI1FgD4WV2BP_pWX8Z3duCf/view?usp=drivesdk
יופי קטלני,2026,"פעולה, אימה, מותחן",כ־88 דק',"📝 תקציר: חמש רקדניות בלט צעירות בדרכן לתחרות יוקרתית בבודפשט נתקעות בלב יער מבודד לאחר שהאוטובוס שלהן מתקלקל. בלית ברירה הן מוצאות מקלט בפונדק מסתורי שמנוהל על ידי רקדנית עבר מסתורית, אך מהר מאוד מתברר שמשהו שם אינו כשורה. כאשר הסכנה מתגלה במלואה, היריבות ביניהן נעלמת – והן נאלצות להפוך את כישורי הבלט והאימונים הקשוחים לכלי הישרדות קטלני.",https://drive.google.com/file/d/1kWkERILLDAZAaH32MStalEGFe7GS5C7D/view?usp=drivesdk
להעז בגדול,2026,"ז'אנר: פעולה, קומדיה, הרפתקאות, אנימציה, משפחה",כ־100 דק',"📝 תקציר: וויל מקבל הזדמנות חד-פעמית להצטרף לליגת המקצוענים של “רוארבול” – ספורט קשוח ואינטנסיבי הנשלט על ידי החיות החזקות והמהירות ביותר. למרות שחבריו לקבוצה מטילים ספק ביכולותיו, וויל נחוש להוכיח את עצמו ולהראות שלגודל אין משמעות כשיש אומץ ונחישות. בדרך מלאה באתגרים, נפילות וניצחונות, הוא יוצא לשנות את חוקי המשחק ולהגשים חלום גדול מהחיים.",https://drive.google.com/file/d/1SnoDsNY-fUZ53kQvNutiX9GOPj5j2CpV/view?usp=drivesdk
בית מבטחים,,"מותחן, אקשן, דרמה",108 דקות,"🗓 שנת יציאה: 2025 📝 תקציר: מקום מסתור שנועד להגן על אנשים בסכנה הופך למלכודת מסוכנת. כאשר איום בלתי צפוי חודר מבפנים, הדמויות נאלצות להילחם על חייהן. סודות נחשפים, נאמנויות נבחנות והזמן אוזל במהירות. מותחן מתוח ואינטנסיבי שבו אף אחד לא באמת בטוח.",https://drive.google.com/file/d/1o9Kt-6VKDFHBWa7TNeSFgq-hYc-AekXH/view?usp=drivesdk
תחת אש,2025,מותחן פשע / אקשן,91 דק',"📝 תקציר: בעיצומה של עסקת סמים מסוכנת בגבול מקסיקו, נפגשים שני סוחרים, גריף ואבוט, לצורך חילופי סחורה. להפתעתם, במהלך המפגש שניהם חושפים בבת אחת תגי משטרה – גריף מה-FBI ואבוט מה-DEA. השניים מגלים שהם עבדו על אותו תיק מבלי לדעת זה על זה, וכעת עליהם לשתף פעולה כדי לשרוד את המצב שהסתבך.",https://drive.google.com/file/d/1D1LDkHbsMOp0BeQRjHsB1bTUwX0yeCM1/view?usp=drivesdk
הם ירצחו אותך,2026,קומדיית אימה-אקשן,94 דקות,"📝 תקציר: קומדיית אימה-אקשן עם זאזי ביטס (""דדפול 2"", ""אטלנטה""). אסייה ריבס היא אישה שמתחילה לעבוד כסוכנת-בית במגדל קומות בניו יורק, מבלי שהיא מודעת להיסטוריה מוזרה של היעלמויות משונות של בני אדם בבניין. כשהיא מבינה שהקהילה אצלם היא עובדת אפופה במסתורין ואפלה - היא מתחילה לגשש את דרכה הלאה מבעד למסתורין אליו היא נקלעה. האם חייה בסכנה? ה-Digital עדיין לא יצא רשמית. תאריך רשמי הוא: 28/04/2026. נכון לעכשיו, קיימת באינטרנט איכות מצלמה איכותית בלבד. וכמובן דאגנו לכם להינות מהסרט עוד לפני😎",https://drive.google.com/file/d/16YTqsl7z2S2KrcP_TGiNHbIraFMA-1AO/view?usp=drivesdk
הכלה!,2026,דרמת אימה רומנטית,126 דקות,"📝 תקציר: בכל אחד מאיתנו יש מפלצת. ""הכלה!"" – הוא פרשנות נועזת ושוברת מוסכמות לאחד הסיפורים המרתקים ביותר בעולם. פרנקנשטיין הבודד, נוסע לשיקגו בשנות ה-30 של המאה שעברה כדי לבקש מהמדענית פורצת הדרך, ד""ר יופרוניוס, ליצור עבורו בת זוג. השניים מחיים אישה צעירה שנרצחה, ו-""הכלה"" נולדת. מה שמתרחש לאחר מכן עולה על כל דמיון: רצח! דיבוק! תנועה תרבותית פרועה ורדיקלית! ואוהבים פורעי חוק ברומן פראי ונפיץ! יהיה מפלצתי.",https://drive.google.com/file/d/174Q3mF9DP8Yu3v4E9Bnuq3-bzQUVWrOD/view?usp=drivesdk
בדם קר,2025,מותחן פעולה,98 דק',"📝 תקציר: אלמנה נוסעת לבדה בשלגי מינסוטה העמוקים כדי לפזר את אפר בעלה המת. בדרך היא נתקלת בנערה מתבגרת שבורחת באימה מהג'יפ של שני גברים מוזרים. והיא מחליטה להסתיר אותה ברכב שלה, אבל הגברים מגלים את זה במהירות – ופותחים במרדף שלג קטלני. אבל מהר היא מבינה שהיא לא יכולה לסמוך על המשטרה, שעות רחוקה, ועם דלק הולך ואוזל, היא חייבת להפוך מאשלה אבלה ללוחמת הישרדות – כי אם הגברים תופסים אותן, לאף אחת לא תהיה הזדמנות שנייה.",https://drive.google.com/file/d/19pECx09BT8SOQBaZHndCzgm67Op1cT_g/view?usp=drivesd
צעקה 7,2026,"אימה, מסתורין",כ־114 דק',"📝 תקציר: הפרק השביעי בסדרת האימה האייקונית מחזיר את סידני פרסקוט לחזית הסיוט. כאשר רוצח חדש במסכת גוסטפייס מופיע בעיירה השקטה שבה בנתה חיים חדשים, האימה חוזרת לרדוף אותה – והפעם גם את משפחתה. כאשר בתה הופכת למטרה, סידני נאלצת להתמודד עם הפחדים מהעבר ולצאת לעימות אחרון במטרה לשים סוף למעגל הדמים.",https://drive.google.com/file/d/1i0C6zlXsB16SxReezqhe5qlUtXT0PgyS/view?usp=drivesd
פשע 101,2026,מותחן פשע,140 דק',"📝 תקציר: מותחן פשע עם כריס המסוורת' (""תור"", ""טיילר רייק: חילוץ"") והאלי בארי (""אישה חתול""), המספר את סיפורו של גנב תכשיטים חמקמק שסדרת השודים שלו הותירה את המשטרה נבוכה. כשהוא מכוון ל""מכה של חייו"", דרכו מצטלבת עם ברוקרית ביטוח מיואשת שניצבת בצומת דרכים משלה. בלש עיקש, המשוכנע שפיצח את דפוס הפעולה, סוגר עליהם ומעלה את רף הסיכון. ככל שהשוד מתקרב, הגבול בין הצייד לניצוד מיטשטש, ושלושתם נאלצים להתמודד עם בחירות מעצבות חיים — ולהבין שאין דרך חזרה.",https://drive.google.com/file/d/1EelIpzW8TXSSzezW2GorBtfKjHKyINlY/view?usp=drivesdk
סיפורם של שני פרקליטים,2025,מותחן פשע (היסטורי),118 דק',"📝 תקציר: מותחן פשע רוסי המבוסס על אירועים אמיתיים. ברית המועצות, 1937. אלפי מכתבים של אסירים שנעצרו על ידי המשטר הקומוניסטי ללא סיבה ומבקשים להשתחרר נשרפים בחדר קטן, במטרה להעלימם לנצח. אבל איכשהו, נגד כל הסיכויים, מכתב אחד מוצא את דרכו לשולחנו של תובע צעיר ורודף צדק, אלכסנדר קורנב. המסע מלא המכשולים של קורנב לחשוף את האמת – שביב של תקווה במציאות אפלה – יוביל אותו עד מוסקבה, למשרדו של היועץ המשפטי לממשלת סטלין.",https://drive.google.com/file/d/15txdhFSN2SY4Md6w2XZ_X38ZLkED3Ow0/view?usp=drivesdk
זה עובד?,2025,"דרמה, קומדיה",121 דק',"📝 תקציר: כשהנישואים שלהם מתפרקים, אלכס ניצב מול משבר אמצע החיים וגירושין מתקרבים ומחפש משמעות חדשה בסצנת הקומדיה של ניו יורק. בעוד טס מתמודדת עם הוויתורים שעשתה למען המשפחה. כל אלה מאלצים אותם לנווט בין הורות משותפת, זהות, והשאלה האם אהבה יכולה לקבל צורה חדשה.",https://drive.google.com/file/d/1CjthXSunMz0B9qoihCMh0sNHfpaRTWbE/view?usp=drivesdk
הצילו,2026,מותחן / קומדיה שחורה / הישרדות,113 דק',"📝 תקציר: שני עמיתים לעבודה מוצאים את עצמם תקועים על אי שומם כשם הניצולים היחידים מהתרסקות מטוס. על האי הם נאלצים להתגבר על משקעים מהעבר ולעבוד יחד כדי לשרוד. אך בסופו של דבר זה הופך לקרב של רצונות ותבונה, עם נגיעות של הומור שחור, כדי לשרוד ולצאת משם בחיים.",https://drive.google.com/file/d/1E90CwZRJNyAkl10lSfpsHE1-YXyEqKbe/view?usp=drivesdk
תוצאה,2026,קומדיה שחורה,83 דקות,"📝 תקציר: קומדיה שחורה בכיכובם של קיאנו ריבס, קמרון דיאז ומאט בומר. ריף הוק, כוכב הוליוודי אהוב שבמשך ארבעה עשורים היה שחקן הפעולה החביב על אמריקה, מסתיר מהציבור התמכרות להרואין שממנה נגמל לפני חמש שנים. כשעורך הדין האישי שלו מגלה שמישהו מנסה לסחוט אותו באמצעות סרטון מביך מהעבר, ריף יוצא למסע וידויים ופיוס נואש עם כל מי שפגע בו לאורך השנים, בניסיון לזהות את הסחטן לפני שהקריירה והדימוי הציבורי שלו יתפוצצו לו בפנים.",https://drive.google.com/file/d/1rHBJmJ7S13wHAK-xgKzzFsB6hQhyQe_I/view?usp=drivesdk
אווטאר: אש ואפר,2025,פעולה / הרפתקאות / מדע בדיוני,197 דקות,"📝 תקציר: סדרת ה""אווטאר"" המצליחה בעולם שעשתה מהפכה בעולם תלת המימד חוזרת בסרט שלישי ומרגש. ג'יימס קמרון מחזיר את הקהל לפנדורה בהרפתקה סוחפת חדשה עם ג'ייק סאלי, נחת לשעבר שהפך למנהיג נאווי, הלוחמת נאווית נייטירי ומשפחת סאלי.",https://drive.google.com/file/d/1tNZxunHBHofugP3SkElHjF_iPMlxogml/view?usp=drivesdk
סרט פיצה,2026,קומדיית נעורים,92 דק',"📝 תקציר: קומדיית נעורים עם גייטן מטרצו (דסטין ב""דברים מוזרים""). ג'ק, סטודנט ביישן לביולוגיה בשנה א', נגרר על ידי שותפו לחדר המעונות, מונטגומרי (שון ג'יאמברונה, אדם מ""הגולדברגים""), לנסות סם הזיה ניסיוני. כשהפיצה שהזמינו מגיעה עם רחפן ללובי המעונות, שתי קומות מתחתיהם, מתחיל מסע מטורף וסוריאליסטי במורד המדרגות – עם החלפות גוף, ראשים מתפוצצים, הזיות פרועות ופרפר דיגיטלי תוקפני בקולו של דניאל רדקליף. הדרך היחידה לנטרל את השפעת הסם היא לאכול את הפיצה, אבל ההגעה אליה מתגלה כמשימה בלתי אפשרית.",https://drive.google.com/file/d/1_s_6I9rTWETsZk4wnkFdR1XkPE4N7Dvp/view?usp=drivesdk
הפלישה,2026,מותחן אימה,83 דק',"📝 תקציר: מותחן אימה בכיכובה של פיבי דיינבור (""ברידג'רטון"") ודג'ימון הונסו (""גלדיאטור""), המשלב בין הוריקן הרסני ללהקת כרישים רעבים בעיירת חוף אחת. כשסופה אדירה מכה בעיירה שלווה, הנחשולים מציפים את הרחובות והבתים והופכים את המקום לזירת הישרדות קודרת, שבה שורדים מעטים נאלצים להיאבק לא רק במים המתרוממים ובהריסות שנסחפות סביבם, אלא גם בטורפים ימיים שמצאו את דרכם היישר לרחובות המוצפים.",https://drive.google.com/file/d/1SOOiXgXRae7-ZSkWTk2P91eyA1CcMksB/view?usp=drivesdk
השיגעון שלנו,2025,קומדיה רומנטית,97 דק',"📝 תקציר: קומדיה רומנטית מקורית המאפשרת הצצה למתרחש בראשיהם של פייר ולארה במהלך הדייט הראשון שלהם. במהלך הערב נכיר את הקולות השונים בראש שלהם ואת הדמויות המרכיבות את אישיותם. ""השגעון שלנו"" מפגיש אותנו עם האינסטינקטיביות, הרומנטיות, הרציונליות והקפריזיות שיש בכל אחד מאיתנו והקונפליקטים ביניהם. בואו להתאהב ולגלות את ההיגיון בשיגעון שלנו.",https://drive.google.com/file/d/1epx2iUtQpwXm6wtR2fNWsmqRh3qDrZkK/view?usp=drivesdk
פרא,2026,פעולה / הרפתקאות / מותחן,95 דק',📝 תקציר: סרט פעולה והרפתקאות. אישה אבלה בוחנת את גבולותיה במסע הרפתקני לבדה בערבות הפרא של אוסטרליה ונגררת למשחק מעוות מול רוצח ערמומי שרואה בה טרף.,https://drive.google.com/file/d/1wjva2ZyC8bOil2U5SwGnih6ntv5CIcii/view?usp=drivesdk
אש הגיהינום,2026,מותחן אקשן,95 דק',"📝 תקציר: מותחן אקשן עם סטיבן לאנג (""אוואטר"", ""בית דוד"") ודולף לונדנגרן (""חייל אוניברסלי""). נווד מסתורי המגיע לעיירה קטנה ומרוחקת, מוצא את עצמו בלב מאבק הישרדות. התושבים המקומיים נתונים תחת שלטון אימים של בוס פשע אכזרי וחסר רחמים השולט ביד רמה בכל המתרחש באזור. כשהוא מבין שאיש אינו מעז להתקומם, הנווד מחליט לקחת את החוק לידיים ולצאת למלחמה חזיתית כדי לשחרר את העיירה מהאחיזה הקטלנית של המאפיה.",https://drive.google.com/file/d/1VPGJo_kx-ziTtd55S-WTlYueqglT1Y60/view?usp=drivesdk
עדה לרצח,2025,מותחן פשע-אקשן,96 דק',"📝 תקציר: מותחן פשע-אקשן קנדי, עם מייקה מונרו (""היד שמנענעת את העריסה"" 2025), הלן האנט (""משתגעים מאהבה"") ואחרים. לאחר שחרורה מהכלא, אווה נחושה בדעתה לפתוח דף חדש ולהשאיר את עברה הפלילי מאחור. אך התקווה לחיים שקטים מתנפצת באכזריות כאשר אחותה התאומה נרצחת לנגד עיניה. כעדה יחידה לאירוע הקטלני, אווה מוצאת את עצמה נרדפת על ידי רוצחים חסרי רחמים. כעת, כשהיא לבדה במערכה ואין לה למי לפנות, היא נאלצת לצאת למרוץ הישרדות מסחרר ולהשתמש בכל הכישורים מהעבר שקיוותה לשכוח רק כדי להישאר בחיים.",https://drive.google.com/file/d/10OS1nrzuE4n9YP0VdHYWmaT2NQtIYEJK/view?usp=drivesdk
האגדה של אנג: כשף האוויר האחרון,2026,אנימציה / הרפתקאות / פנטזיה,99 דק',"📝 תקציר: סרט המשך לסדרת האנימציה ""אווטאר: כשף האוויר האחרון"". אווטאר אנג וחבריו מחפשים תשובות לשאלות המרחפות סביב בית הזיקוק המסתורי, זה שהוקם על אדמה המקודשת להם. בזמן שטוף מתעמתת עם אבא שלה ומנסה להבין את הקשרים שלו עם אותו בית זיקוק, אנג עובר לעולם הרוחות, שם מתגלה לו סוד מפתיע ומסוכן מאוד, שעומד להשפיע עליו ועל כל הסובבים אותו. הסרט היה אמור לצאת בתאריך: 09/10/2026 -> אך בעקבות הדלפה שאינה תלויה בדבר, הסרט הופץ לרשתות, וכעת נחת ב VIP :)",https://drive.google.com/file/d/1XZsyGgCQAjru8Ozshk57fP4ybOrFSajs/view?usp=drivesdk
בחזרה לסיילנט היל,2026,אימה,106 דק',"📝 תקציר: הסרט השלישי בסאגת האימה, המשך לסרטי ""Silent Hill"" מהשנים 2006 ו-2012. כאשר ג'יימס מקבל מכתב מסתורי מאהובתו האבודה מרי, הוא נשאב חזרה לסיילנט היל - עיירה שהייתה פעם מוכרת לו וכעת היא אכולה על ידי אפלה. בעודו מחפש אחריה, ג'יימס מתמודד עם יצורים מפלצתיים וחושף אמת מעוררת אימה שתדחוק אותו אל קצה גבול השפיות.",https://drive.google.com/file/d/1Et19UrwBuvRq1ov5HiA29vnLy4-sMfuL/view?usp=drivesdk
להרוג את האמונה,2025,"מערבון, מותחן",108 דק',"📝 תקציר: סרט מתח מערבון, עם דוונדה וייז (""עולם היורה: עולם חדש""), ביל פולמן (""היום השלישי"") וגאי פירס (""ממנטו""), העוקב אחר סיפורו של רופא אלמן המלווה שפחה משוחררת ובתה במסע ברחבי המערב הפרוע. מטרתם היא למצוא מרפא באמונה הרחק משם. במהלך המסע, הרופא מתמודד עם אמונתה של האם כי בתה אחוזת דיבוק, בעוד הוא עצמו חושד שמדובר במחלה, וזאת על רקע העובדה המצמררת שכל דבר שהילדה נוגעת בו – מת.",https://drive.google.com/file/d/1VIZPuDe9gUc1cEfmVdcMg4zFx27L3-2Z/view?usp=drivesdk
סופר צ'ארלי,2024,אנימציה / הרפתקאות / קומדיה,82 דק',"📝 תקציר: אנימציית הרפתאות צרפתית לכל המשפחה. וילי בן ה-10 תמיד חלם להיות גיבור-על ולהילחם בפושעים יחד עם4 אביו השוטר. אבל החלום שלו מתנפץ כשנולד אחיו הקטן, צ'ארלי. פתאום כל תשומת הלב מופנית אליו… ואז הוא מגלה את הדבר הכי מטורף: לצ'רלי יש כוחות-על! עכשיו ווילי יצטרך לקחת החלטה: האם הוא ימשיך להסתכל בצד ולקנא, או שהוא ינצל את ההזדמנות ויצא להרפתקה הכי גדולה של חייו – ביחד עם אחיו הקטן! סרט מצחיק, סוחף, מרגש ומלא אקשן על גיבורי על אמיתיים – ולאו דווקא אלו שמצפים להם.",https://drive.google.com/file/d/1hODhlayS0FWHVc4iwe9ZNsPO1tF-f12l/view?usp=drivesdk
המעניש: חיסול אחרון,2026,גיבורי על / אקשן / מותחן,50 דק',"📝 תקציר: ספיישל מארוול בכיכובו של ג'ון ברנת'ל, השב לגלם את דמותו של המעניש. פרנק קאסל, הויג'ילנט האלים שטרף את מנהטן בשתי עונות של ""המעניש"" וב""דרדוויל: נולד מחדש"", מנסה למצוא חיים שקטים בלי נקמה ובלי אלימות, אבל כוח בלתי צפוי מושך אותו בחזרה לקרב. עלילת הספיישל מתרחשת במקביל לעלילת העונה השנייה של ""דרדוויל: נולד מחדש"".",https://drive.google.com/file/d/19M1mAh0ClQ6qLL-ETtLhZES2mN-yYuJC/view?usp=drivesdk
פרויקט הייל מרי,2026,קומדיה בדיונית אפלה (מדע בדיוני),156 דק',"📝 תקציר: קומדיה בדיונית אפלה המבוססת על רב המכר הנודע ""פרויקט הייל מרי"". ריאן גוסלינג חוזר למסך ונכנס לנעליו של מורה למדעים שמתעורר על סיפון חללית, במרחק שנות אור מהבית, ללא כל זיכרון לגבי זהותו או איך הגיע לשם. ככל שזיכרונו מתחיל לשוב אליו, הוא מבין כי יש לו משימה והיא- לפענח את החומר המסתורי שגורם לשמש לגווע. 🗓️ תאריך ה- Digital הוקדם ביומיים צפייה מהנה לכולם😎",https://drive.google.com/file/d/123MiakFTQOZJtqCSf86BpQX01XJZxTEB/view?usp=drivesdk
מי שעומד מאחורי 2,2026,אימה / מותחן / אקשן,108 דק',"📝 תקציר: אחרי ששרדה את המתקפה מצד משפחת לה-דומאס, גרייס מגלה שהיא עלתה לשלב הבא במשחק הסיוטי – והפעם לצד אחותה פיית' שהקשר איתה נותק. לגרייס יש הזדמנות אחת לשרוד, לשמור על אחותה בחיים ולתבוע את הכס העליון במועצה ששולטת בעולם. ארבע משפחות יריבות מנסות לצוד אותה בשביל הכס, ומי שתנצח – תשלוט בהכל.",https://drive.google.com/file/d/1NOsrUR9H7TnjuAMo9j9p2ApjR6Cypsr7/view?usp=drivesdk
סופר מריו גלקסי – הסרט,2026,אנימציה / הרפתקאות / קומדיה,98 דק',"📝 תקציר: סרט אנימציה המבוסס על עולמם של האחים סופר מריו, ומהווה סרט המשך ל""האחים סופר מריו: הסרט"", שיצא לאקרנים ב-2023 והכניס יותר מ-1.3 מיליארד דולר ברחבי העולם. את הסרט מפיקים כריס מלדנדרי מאולפני אילומייניישן (Illumination) האחראים על להיטי ענק כמו ""גנוב על הירח"", ""המיניונים"" ""לשיר"" ועוד. כריס פראט, צ'ארלי דיי וג'ק בלאק חוזרים לתפקידיהם האייקונים כמריו, לואיג'י ובאוזר, יחד עם דמויות חדשות וכוכבים חדשים.",https://drive.google.com/file/d/1cVeuCPBgQWEY51IDwscB6MIQkKT9VGDD/view?usp=drivesdk
הם ירצחו אותך,2026,קומדיית אימה-אקשן,94 דק',"📝 תקציר: קומדיית אימה-אקשן עם זאזי ביטס (""דדפול 2"", ""אטלנטה""). אסייה ריבס היא אישה שמתחילה לעבוד כמנקה במגדל דירות יוקרתי בניו יורק, מבלי שהיא מודעת להיסטורית היעלמויות משונות של בני אדם בבניין. כשהיא מבינה שהקהילה אצלם היא עובדת אפופה במסתורין ואפלה - היא מתחילה לגשש את דרכה הלאה מבעד למסתורין אליו היא נקלעה. האם חייה בסכנה?",https://drive.google.com/file/d/11oi6KpPOaIu1enJCZvWyeYo7F8TKye29/view?usp=drivesdk
מזכרת ממנו / Reminders Of Him,2026,דרמה רומנטית,114 דק',"📝 תקציר: חדש בקולנוע! דרמה רומנטית מהיוצרים של 'איתנו זה נגמר' ו-'להתחרט עליך'. לאחר שבע שנות מאסר, בחורה צעירה חוזרת לעיר הולדתה כדי להתאחד עם בתה שמעולם לא הכירה ולשקם את חייה. אלא שרומן סודי ומפתיע עם כוכב פוטבול לשעבר משבש את תוכניותיה.",https://drive.google.com/file/d/1uDOEmoUAhuvgngR0xaNuxzeDUdUDtkKj/view?usp=drivesdk
ג'ק ראיין: מלחמת צללים,2026,מותחן ריגול / אקשן,105 דק',"📝 תקציר: מותחן ריגול המהווה המשך ישיר לסדרה בת ארבע העונות. ריאן (ג'ון קרזינסקי) נגרר בעל כורחו חזרה לעולם הריגול כשמשימה סמויה בינלאומית חושפת קנונייה מסוכנת ומאלצת אותו להתעמת עם יחידת מבצעים סודית שפועלת כנגדו. במרוץ נגד הזמן, ריאן מתאחד מחדש עם עמיתיו לשעבר מהסי-איי-איי, מייק נובמבר וג'יימס גריר ויחדיו הם יוצאים להשיב מלחמה נגד הקושרים.",https://drive.google.com/file/d/1LfqgaIAeDF63FvOi2JHyLYpIZ7vtTt1o/view?usp=drivesdk
נשים בראש,2026,קומדיה,90 דק',"📝 תקציר: קומדיה עם סשה ברון כהן (ברון, הדיקטטור) ורוזמונד פייק (ג'ק ריצ'ר, ג'וני אינגליש 2,3). רודף נשים יהיר אך כריזמטי מתעורר בעולם מקביל שנשלט בידי נשים ומגלה שחייו המרופדים בכסף, בשררה ובסטוצים השתנו מן הקצה אל הקצה.",https://drive.google.com/file/d/1UUPZv_ypL6PFdpOfxIkZlGyNjnf0mVuZ/view?usp=drivesdk
מומיה,2026,אימה / מותחן על-טבעי,134 דק',"📝 תקציר: במדבר המרוחק של מצרים, עיתונאית חוקרת נעלמת בנסיבות מסתוריות בזמן שחקרה כת חדשה ומסוכנת. שמונה שנים לאחר מכן, בתה הצעירה, קייטי, מופיעה לפתע על סף ביתה של המשפחה, ללא כל זיכרון מהיכן הגיעה או היכן שהתה. אבל עם שובה חוזר משהו אפל ואלים איתה – משהו עתיק שלא נשאר בקבר. המשפחה המפורקת, שעדיין מתמודדת עם השבר והכעס, נאלצת להתאחד מול כוח מיסטי שמשתלט על קייטי לאט-לאט, והופך אותה כלי בידי קללה בת מאות שנים.",https://drive.google.com/file/d/1uYkBmSHVHhP2Na5F-IWxRVtgO9dSdUbA/view?usp=drivesdk
הזרים: חלק 3,2026,אימה / מותחן,91 דק',"📝 תקציר: החלק השלישי והאחרון בטרילוגיה המחודשת מביא את הסיפור לשיאו האלים. מאיה, ששרדה שני לילות אימים רצופים, מבינה כעת שהיא לא יכולה לברוח יותר – הזרים במסכות יודעים כל פרט עליה, והם מוכנים ללכת עד הסוף. כשהיא חוזרת לנקודת ההתחלה – הבקתה הישנה ביערות אורגון – היא מחליטה לקחת את גורלה בידיים. במקום לברוח, היא נכנסת פנימה. שם, בין החדרים האפלים, היא מגלה את סודם האפל של הרוצחים במסכות – סוד שמסביר למה היא נבחרה, ולמה הם לעולם לא עוצרים.",https://drive.google.com/file/d/16msPLjF3D7Xuod_ZwD_cIAJ5X6zxEL6U/view?usp=drivesdk
הזרים: חלק 2,2025,אימה,98 דק',"📝 תקציר: הזרים חוזרים אכזריים וחסרי רחמים מתמיד. כשהם מגלים שאחת מקורבנותיהם, מאיה, עדיין בחיים, הם שבים כדי לסיים את מה שהתחילו. ללא מקום לברוח ובלי אפשרות לסמוך על מישהו, מאיה נאלצת לשרוד פרק נוסף של אימה, בעוד הזרים, מונעים ממטרה חסרת היגיון. הם לא מפסיקים לרדוף אחריה ומוכנים להרוג כל מי שיעמוד בדרכם.",https://drive.google.com/file/d/14rAeJbVE1GcaXLvp-XkzPX0DZYxd2x65/view?usp=drivesdk
הזרים: חלק 1,2024,אימה,91 דק',"📝 תקציר: סרט אימה מבעית, השלישי בטרילוגיית ""הזרים"" והראשון בטרילוגיה המחודשת. קדמו לו ""הזרים"" משנת 2008 ו""הזרים: טרף לילי"" משנת 2018. זוג צעיר יוצא לנסיעה מחוף אל חוף לקראת התחלות חדשות. בלית בררה הם נאלצים לעצור בדרכם ולישון ב-Airbnb מבודד באורגון ולשרוד ליל בלהות כנגד שלושה זרים במסכה.",https://drive.google.com/file/d/1p91rYhcHTbl6bnLRzLa59xQHL9nF1Bfm/view?usp=drivesdk
